File Name,URL
"20241025 Pre Onboarding Call Pricing Request - Norfolk Brewing.xlsx","https://drive.google.com/file/d/1uo-D1CqIeRtPsK-CVeUz7JP7gzGrHLmo/view"
"Pre Onboarding Call Pricing Request- Lost Cabin.xlsx","https://drive.google.com/file/d/1M_LK_d9tn2t3hY-GxTeTsgDEcdHScMhJ/view"
"Pre Onboarding Call Pricing Request- 20230808 IBA Great Notion Brewing (version 1).xlsx","https://drive.google.com/file/d/1c7sPLsx4xRG8FBSTBt_IigMjuZm7PTvT/view"
"RiggsOnBoardingPricing.xlsx","https://drive.google.com/file/d/10dwYotxWpzkFXKeMZsW0anelEjVYyYAc/view"
"Pre Onboarding Call Pricing Request- 20230808 - Burning Brothers.xlsx","https://drive.google.com/file/d/1Ji0rIcP3uLkhQWwL9IQiTYuNggqtHK4A/view"
"Saucony Creek Pre Onboarding Call Pricing Request- 20240820.xlsx","https://drive.google.com/file/d/1BkebDPOtf6fiUbCzGmtvBMvtnyGlYnvP/view"
"Saucony Creek Brewing Company LLC Affiliate Agreement 8-19-24.pdf","https://drive.google.com/file/d/1esewVGD2V7bRnWpAisQP3_tw7FzWmu6p/view"
"Pre Onboarding Call Pricing Request- Great Burn.xlsx","https://drive.google.com/file/d/1UwVMdrUC44rWVhHDH4CRjxpHWNfrGWk1/view"
"Pre Onboarding Call Pricing Request- Yellow Hammer Brewing.xlsx","https://drive.google.com/file/d/1E429QDvAo6BrwohoDJafFpgKNpPQ-s1A/view"
"Brew Republic - Cost Analysis pricing sheet.xlsx","https://drive.google.com/file/d/1kyQ44ux5yQfz3Y8Xkv_myTKNA72pqKWD/view"
"20231107 - Cost Analysis - Crosstown.xlsx","https://drive.google.com/file/d/1qyNrkcIB245VUuJAMUaIeQkR2i_8Xmyv/view"
"Pre Onboarding Call Pricing Request - Snowbank.xlsx","https://drive.google.com/file/d/1Go_KDkcnJ_Oxr6IuM9U1plHYjf5kWuZG/view"
"IBA Pre Onboarding Call Pricing Request Updated - Legion.xlsx","https://drive.google.com/file/d/1dkVObeBYFzzJCPXUKt2jAu-vRS1s--BB/view"
"Pre Onboarding Call Pricing Request - Calapooia.xlsx","https://drive.google.com/file/d/1xxX9cOX0jThdmPMMTQFzER10BSqV0UBz/view"
"Pre Onboarding Call Pricing Request - Alvarado Street.xlsx","https://drive.google.com/file/d/1WzoffnoDRXHGYhU_5awtSJ7NA4JQA-ox/view"
"1 -Benchmarking Invoices Received","https://drive.google.com/file/d/1jbt2nv7cj4VmDyGqRN8P0bDE3IMsHQRGgNN0O1btUGs/view"
"20240807 - McLures Invoice 0088404 - Sap House.pdf","https://drive.google.com/file/d/1F_CQojBmy-S_wp3SemNwIdiFI6Ccq1t9/view"
"20240305 Sticker Mule - Ore Dock R621872644.pdf","https://drive.google.com/file/d/1083DMIUYdPA4uBbmPTi85inquaSuGX1L/view"
"20240502 Sticker Mule - Ore Dock R155256703.pdf","https://drive.google.com/file/d/1OnzTyi7qr2UQzDO18SuDRHmJ4l1jFDw6/view"
"20240523 Northwestern Extracts - Ore Dock Invoice 0060895.pdf","https://drive.google.com/file/d/10x8d9ku4a8ic_DWb0SZKeNu2nZtLSivd/view"
"20240216 Northwestern Extracts - Ore Dock Invoice 0059694.pdf","https://drive.google.com/file/d/1sUZavmhLAr6epmuw71X9gxmyDKdqIE93/view"
"20240327 Northwestern Extracts - Ore Dock Invoice 0060134.pdf","https://drive.google.com/file/d/12db19ongYPu7xD4EkrspdtkKY3ZoW4i5/view"
"20240820 - GLCC Co. IVC3956 - Sap House Meadery.pdf","https://drive.google.com/file/d/14Q1NaxjndwW4V5KoGNroncogzskCYXMv/view"
"20240730 - GLCC Co. IVC0000003901 - Saphouse.pdf","https://drive.google.com/file/d/18aIsyAxO2YduuZwI-pAW8WE0INHu0We2/view"
"20240207 Oregon Fruit - Ore Dock Invoice 239219.pdf","https://drive.google.com/file/d/1knAKnPFrhqm6bX8d0LjH-UWylMdDujdl/view"
"20240312 HDS - Helltown - Invoice120897-1-merch.pdf","https://drive.google.com/file/d/1oknQJn5T8GvgvS_AWc_sXgOgiw-q4Ikn/view"
"20240508 Briess - Ore Dock Sales Invoice SI024421.pdf","https://drive.google.com/file/d/1KKFUGT2rudcVxyk4cjQ1RDxN3i8Svzqf/view"
"20240326 Briess - Ore Dock Sales Invoice SI022919.pdf","https://drive.google.com/file/d/1OIKrFISS2TEO0OZrdT9VOe3WYYehEykP/view"
"20240318 Briess - Ore Dock Sales Invoice SI022585.pdf","https://drive.google.com/file/d/1VLwj-GlvTflcGR3WBcV3s-1Viip_Zlt8/view"
"20240605 Briess - Ore Docks Sales Invoice SI025322.pdf","https://drive.google.com/file/d/1SbJis-chlAyfibTIklLnCE6nJHdq7w7f/view"
"20240529 Briess - Ore Dock Sales Invoice SI025077.pdf","https://drive.google.com/file/d/1pcQyKIoeBOnM-ZB12pTSbb4wax5OYOaB/view"
"20240610 Briess - Ore Dock Sales Invoice SI025435.pdf","https://drive.google.com/file/d/1oVoPw8F_tbSAo2fYu18lGx6ZFRhUg-Dh/view"
"20240514 Briess - Ore Dock Sales Invoice SI024608.pdf","https://drive.google.com/file/d/1P_UAlsjM5z6nHCHBPX2PHGr1hOa1I3gr/view"
"20240222 Briess - Ore Dock Sales Invoice SI021810.pdf","https://drive.google.com/file/d/1SQuVvs_6-I0YLxpS3l77111VgGTAzAMA/view"
"20240605 Briess - Ore Dock Sales Invoice SI025323.pdf","https://drive.google.com/file/d/1wKeWarlSRgoMu1XU9NQZ_lPUrDYPGb0P/view"
"20240418 Briess - Ore Dock Sales Invoice SI023741.pdf","https://drive.google.com/file/d/1SDmh3q9_8xqCHlQpcAilsMvKm-Ll4Jgr/view"
"20240301 Briess - Ore Dock Sales Invoice SI022067.pdf","https://drive.google.com/file/d/1sUHITyOiGjHCf7SAMhs3a7DJA3ODCiLb/view"
"20240520 Briess - Ore Dock Sales Invoice SI024792.pdf","https://drive.google.com/file/d/10i_T9Pd1v3T163fJ0miT0kR1YJokWs0r/view"
"20240501 Briess - Ore Dock Sales Invoice SI024185.pdf","https://drive.google.com/file/d/1xCt-HxlKIpqlM-3aAhLQtOpUjGpie3v2/view"
"20240325 - Briess Sales - Earth Rider Invoice SI022861.pdf","https://drive.google.com/file/d/1bYmMrKbe8N6hWInpeGFJtgX_36XZ0LVI/view"
"20240305 Proximity Malt - Helltown.pdf","https://drive.google.com/file/d/10_LMHXyPCR9xHVbnbeK8LsgWD78KaLdb/view"
"20240730 - Malteurop - Invoice n┬░ 0031174061 - Hobbs.pdf","https://drive.google.com/file/d/1aItQHyp5FhbK_lo4OfyGKuN7bvmr_FcN/view"
"20240708 - Malteurop - Invoice n┬░ 0031173254 - Hobbs.pdf","https://drive.google.com/file/d/1pOpy_SshLenSifQvt-KJjPJOxJP6c2jC/view"
"20240619 - Malteurop - Invoice n┬░ 0031172693 - Hobbs.pdf","https://drive.google.com/file/d/11UsxUEDNKppBS_NjF83G8uwwKuGdoEKo/view"
"20240418 Malteurop - Hobbs Invoice n┬░ 0031170480.pdf","https://drive.google.com/file/d/1O_vhpKjj9rFie7Qe1fcWYvUzdBYUEVRO/view"
"20240125 - Malteurop - Grand Teton - Invoice n° 0031167756.pdf","https://drive.google.com/file/d/12q6rWPdCKtqsR7kVzuDNAnkgUcIW2x1G/view"
"20230719 - Malteurop - Hobbs - 0031161220.pdf","https://drive.google.com/file/d/1JA20ykAjOWUB3xbrBrJjUFspUrbvOkGB/view"
"20230823 - Malteurop - Hobbs -  0031162820.pdf","https://drive.google.com/file/d/1KM9HmonEd-x_4qJqv9NF0D2FbnPCDKc7/view"
"20231223 - Malteurop - Hobbs - 0031166449(3).pdf","https://drive.google.com/file/d/1UD_3SgIG6AtqNs2FuW1IU-lrLHol8mlp/view"
"20240109 - Malteurop - Hobbs -  0031167209(1).pdf","https://drive.google.com/file/d/1TjnrEzCz-xqnKMSsVWp7Lzk1RIbwHmrm/view"
"20231026 - Malteurop - Hobbs -  0031164758.pdf","https://drive.google.com/file/d/1JPaZr5jOqlOwXicC3wUBTV6gYdtjssF_/view"
"20231003 - Malteurop - Hobbs -  0031164107.pdf","https://drive.google.com/file/d/1sOlb1WOYWZ2zuWosU53lc12_a5GEdMEg/view"
"20231221 - Malteurop - Hobbs - 0031166449(2).pdf","https://drive.google.com/file/d/1PYuYMNgKVR1mEQyNHwZ7cA4bsRmvffmz/view"
"20240109 - Malteurop - Hobbs - 0031167209.pdf","https://drive.google.com/file/d/1qkpK88UqDPNR8vheV4IMDpQinRBILBxa/view"
"20230707 - Malteurop - Hobbs - 0031160807.pdf","https://drive.google.com/file/d/1ZXZgw-E1qgc4OuC7Rpd21TbfF3UkiM8y/view"
"20230823 - Malteurop - Hobbs -  0031162171.pdf","https://drive.google.com/file/d/1vtV3sd-mDG-Cp9t66d2oN7w-qmKe9Ef9/view"
"20231013 - Malteurop - Hobbs -  0031164327.pdf","https://drive.google.com/file/d/1DuLPBukRR8p1fKa4fgenRq2G0DipRsZZ/view"
"20230224 - Matleurop - Hobbs.pdf","https://drive.google.com/file/d/1u70joyDXOTcAxRuLNBNQkK8GwUMCJ1hl/view"
"20231123 - Malteurop - Hobbs -  0031165281.pdf","https://drive.google.com/file/d/1Z58YMf1tbBeZObCFXRf9OAi1wSeTyVQS/view"
"20240301 - Malteurop - Hobbs - 0031168811.pdf","https://drive.google.com/file/d/1xjI3qqHylu7qOVVhxlcN7POR9WxdHBQg/view"
"20240213 - Malteurop - Hobbs-  0031168181.pdf","https://drive.google.com/file/d/1C0_e994pakBcJCh417qIVZ4cmukBy4JH/view"
"20230726 - Malteurop - Hobbs - 0031161494.pdf","https://drive.google.com/file/d/13CzD5A8x82MGplH4-DYAIMcGioEiFJmH/view"
"20231221 - Malteurop - Hobbs - 0031166449(1).pdf","https://drive.google.com/file/d/1Vy3RSAgk2S9EpEFve5-xxIy3tSgYeMYX/view"
"20231223 - Malteurop - Hobbs -  0031166449.pdf","https://drive.google.com/file/d/1DryAoiCUTHurM41UM4j1KLUWQ2W01F6f/view"
"20230628 - Malteurop - Hobbs - 0031160410.pdf","https://drive.google.com/file/d/1vi2L3aKrd2xEkGnGm0R5tKZyeJAUt8AW/view"
"20230606 - Malteurop - Hobbs - 0031159492(2).pdf","https://drive.google.com/file/d/1rn6OfMziyN4gITCSQV9wXeqT6X46_VGR/view"
"20230518 - Malteurop - Hobbs - 0031158711(1).pdf","https://drive.google.com/file/d/1Gjll0Lx4GWHh8SAbzbym4k_J_YJ4YKVO/view"
"20230106 - Malteurop - Hobbs - 0031152950.pdf","https://drive.google.com/file/d/1N60qLlu3L9AtYRN89mQaivw6CsQkWWZZ/view"
"20230512 - Malteurop - Hobbs - 0031158444.pdf","https://drive.google.com/file/d/1jtvSbtRmrQtNVrRDwhZY7ERbQbRjzRJc/view"
"20230606 - Malteurop - Hobbs - 0031159492(1).pdf","https://drive.google.com/file/d/1oJbBaGx9Vt-D8zRbWyJCa3exRMcJw-jL/view"
"20230331 - Malteurop - Hobbs - 0031156811.pdf","https://drive.google.com/file/d/1J2etpFru4dy4AKIWg195lLL7dHm7EQQw/view"
"20230606 - Malteurop - Hobbs - 0031159491(2).pdf","https://drive.google.com/file/d/1jNL6uJ92wknGfnouU5wL7jJ-0dBbsC-K/view"
"20230606 - Malteurop - Hobbs - 0031159492.pdf","https://drive.google.com/file/d/1m-n0QOHlGVKaRu19iXNFqID-iew_CSXC/view"
"20230423 - Malteurop - Hobbs - 0031157786.pdf","https://drive.google.com/file/d/10otjoIqWs3cSzyD5KDwSUNCG7XhMiHxn/view"
"20230606 - Malteurop - Hobbs - 0031159491(1).pdf","https://drive.google.com/file/d/1DRVA4RRP4lBstfepE2vev7D3iDwvGKjL/view"
"20230209 - Malteurop - Hobbs - 0031154782.pdf","https://drive.google.com/file/d/1-9N1D69yyvrJmqbXyJuG59t1lRu8d0ry/view"
"20230518 - Malteurop - Hobbs - 0031158711.pdf","https://drive.google.com/file/d/1OETictvB56eDBFQK8mIFf9NNH07KaAlL/view"
"20230628 - Malteurop - Hobbs - 0031160410(1).pdf","https://drive.google.com/file/d/1DbgJ6K3C9lH7JI1v582BCQG63DtbnD6X/view"
"20230222 - Malteurop - Hobbs - 0031155456.pdf","https://drive.google.com/file/d/1X1tkj8WB8stNiXaGURf_PS9y9BVimF5e/view"
"20230113 - Malteurop - Hobbs - 0031153462.pdf","https://drive.google.com/file/d/1ucnBzbUrume2Tus82e6ZYoCJ5Tm51Jt-/view"
"20230606 - Malteurop - Hobbs -  0031159491.pdf","https://drive.google.com/file/d/1fU9_6hmrMGD4seCZKILHd6qgYqfbZ0vf/view"
"20230912 - Great Lakes Malting - Barrel and Beam.pdf","https://drive.google.com/file/d/1f1xOdVAsA38qJntZ20qUCCGbBvecRV5Q/view"
"20230825 - Malteurop - Barrel and Beam.pdf","https://drive.google.com/file/d/15g--OwOji1ppp6Fq-wM7QeitoN3oXlfj/view"
"20240731 - BSG - Customer Invoice_INV-0774515 - Hobbs.pdf","https://drive.google.com/file/d/1gudPliTRYsQIwl8IpvIRpZvsmWqdePdy/view"
"20240520 BSG- Helltown Sales confirmation - 2024-05-20T111729.434.pdf","https://drive.google.com/file/d/15TSB5lLATzTeu36Vm_Ow0pGmeOY252Hd/view"
"20240522 BSG - Helltown Customer Invoice_INV-0749303-bsg.pdf","https://drive.google.com/file/d/1MxXwTHh_HQGhSmJjLsk0vRcHecpIiLYr/view"
"20240430 BSG - East Brother Invoice_INV-0740789.pdf","https://drive.google.com/file/d/1q05Qmq3caYm5Mp4e5xOodDce6Ks4Exdv/view"
"20240415 BSG - East Brother Invoice_INV-0735702.pdf","https://drive.google.com/file/d/1FhxnPIkWGIXwGanDIZlZ_5to0Ih5orYT/view"
"20240412 BSG - East Brother Invoice_INV-0735189.pdf","https://drive.google.com/file/d/1sdbs5WqEZO9Hz62kH-bHNu5HTjyP0oNG/view"
"20240531 BSG - Hobbs _INV-0752454.pdf","https://drive.google.com/file/d/1PNtx4qwYy9tRxI1DDMtn6-X1KjiN4TUD/view"
"20240523 BSG - Hobbs INV-0749955.pdf","https://drive.google.com/file/d/1VyHBufYXfNtaGzum2sNKio8PHJObrPTv/view"
"20240327 - BSG - Earth Rider - Customer Invoice_INV-0729458.pdf","https://drive.google.com/file/d/10jr-zkdm46oTdKnhnV-Rd6Xng3WfdCEe/view"
"20240104 BSG - East Brother Ingredients.pdf","https://drive.google.com/file/d/1t8BAxvEvOuxWbza_v2qdpcKReu0vQnBL/view"
"20240109 BSG - East Brother Malt.pdf","https://drive.google.com/file/d/1jeZBEHLnsDG1fu4Kdwrx49cKB5hrNA8g/view"
"20240117 BSG - East Brother - Oats.pdf","https://drive.google.com/file/d/1x3hr87ctq1lQMJFl2k4ijkcpbiUBdt0e/view"
"20240109 - BSG - Earth Rider _INV-0700948.pdf","https://drive.google.com/file/d/1Adn56EBauguQ4f1Lq6ZQnQ0WAwZ8Qcjy/view"
"20240205 - BSG - Earth Rider _INV-0710060.pdf","https://drive.google.com/file/d/1uINNo6CWRZ-TF7cvAQvvmWBWQ5oT6HfI/view"
"20240111 - BSG - Earth Rider _INV-0701654.pdf","https://drive.google.com/file/d/1Zr_KhpmeqQ6GoV9iW6rYiTc8Fj-3bjZL/view"
"20240215 BSG - Earth Rider _INV-0714026.pdf","https://drive.google.com/file/d/1yfgxZroYLOwQ9G4kzFeQVmrDSNhIjfOF/view"
"20240205 BSG - La Quinta - Ingredients.pdf","https://drive.google.com/file/d/1HNPz_HkljFyeTOGkN30kaAoe6Af1KsHM/view"
"20240814 - CMG invoice USINV000204880 - Hobbs.pdf","https://drive.google.com/file/d/1YQfxuZJKa52W25aa9UTPynyyMfY5w4fl/view"
"20240830 - CMG invoice USINV000207668 - Hobbs.pdf","https://drive.google.com/file/d/1aFCK6mI8VIU3HUU4JV5BCTH2NhaH8exm/view"
"20240802 - CMG invoice USINV000202768 - Hobbs.pdf","https://drive.google.com/file/d/1frCDaOm6GhIBa9WWdpXX-J_4SVxOv1Hd/view"
"20240823 - CMG invoice USINV000206422 - Hobbs.pdf","https://drive.google.com/file/d/15N_aqE6LNMUmzL_im-LcigsYWm7k_5bw/view"
"20240715 CMG invoice USINV000199247 - Hobbs.pdf","https://drive.google.com/file/d/1zEvddhjtDRclcWRPJ0H1qJUWsu3ZP5Xh/view"
"20240719 CMG invoice USINV000200266 - Hobbs.pdf","https://drive.google.com/file/d/1ktEjNbr7rWdlGKkS2Khb6LjuWlNBvKJj/view"
"20240708 CMG invoice USINV000197975 - Hobbs.pdf","https://drive.google.com/file/d/1ojmkwnBVlLsivZWI2o7oyTEoL-DSYYeG/view"
"20240718 CMG invoice USINV000200184 - Hobbs.pdf","https://drive.google.com/file/d/1XGkmK0MB39sJMnAjtO36dQRNDtzZdRBX/view"
"20240729 CMG invoice USINV000201864 - Hobbs.pdf","https://drive.google.com/file/d/1bUR_-EkRNsXuEH1QpH2k4aeeHTPQMNLz/view"
"20240730 CMG invoice USINV000202125 - Hobbs.pdf","https://drive.google.com/file/d/1tOx9VoEfA4Yj3lDneKZ0af2s1CsqPau_/view"
"20240611 CMG invoice USINV000193265 - Hobbs.pdf","https://drive.google.com/file/d/11Ffnxygw3a6tY3FsMW3VpTDqBWb_XVNt/view"
"20240613 CMG invoice USINV000193919 - Hobbs.pdf","https://drive.google.com/file/d/1_xOPNhwETpK3gh6T-flP5SU3OtfrLW1F/view"
"20240627 CMG invoice USINV000196566 - Hobbs.pdf","https://drive.google.com/file/d/1y-JINQP88y_cTFUQ0JL14uXT8-HVBxwm/view"
"20240606 CMG invoice USINV000192537 - Hobbs.pdf","https://drive.google.com/file/d/1cBE9ZnYrBVV2Gz08gwKJIDHGfhVGoK4a/view"
"20240605 CMG - Helltown - Sales order confirmation USS100409872.pdf","https://drive.google.com/file/d/1G63-v0lDM-Z3HHcfnILGRbYnmELMd4L8/view"
"20240429 CMG - Esat Brother invoice USINV000184936.pdf","https://drive.google.com/file/d/1Gzez-3TekeQz8Hgl5wvadmZWW6ygcelp/view"
"20240425 CMG - East Brother invoice USINV000184452.pdf","https://drive.google.com/file/d/1lGkB3o_b1NtUTV-CnTGf5TTFPHKnaaTi/view"
"20240412 CMG - East Brother invoice USINV000181776.pdf","https://drive.google.com/file/d/1EagmiDbw1bCg8SAyFFiRgb43Id-znz47/view"
"20240515 CMG - Hobbs invoice USINV000188330.pdf","https://drive.google.com/file/d/1PBCx3mA98VaOgIUzujBsXcFvOE--eeyY/view"
"20240521 CMG - Hobbs invoice USINV000189298.pdf","https://drive.google.com/file/d/1DOua57fJ-gIBq9nuNuVsy8jYiBK9BFPX/view"
"20240531 CMG - Hobbs invoice USINV000191459.pdf","https://drive.google.com/file/d/19GRzdU8kmHSXXZNXvzwFIbBbra3y20zT/view"
"20240509 CMG - Hobbs invoice USINV000187142.pdf","https://drive.google.com/file/d/16TCAEFNchFwxOxLhrxDcKr1781VMhx5F/view"
"20240503 CMG - Hobbs invoice USINV000186126.pdf","https://drive.google.com/file/d/1e1bSlGKKhOeSIgdhJzGuyIhqw3f1UtfZ/view"
"20240523 CMG - Hobbs invoice USINV000189844.pdf","https://drive.google.com/file/d/18CFm-M51JxfzZeey6UC7xpjqZZJsmTI7/view"
"20240422 Country Malt Group - Urban South.pdf","https://drive.google.com/file/d/1111oTo_8vFM6Lduxm4Z4QqepDKWNz9Ct/view"
"20240321 Country Malt Group - Helltown.pdf","https://drive.google.com/file/d/1OuQdsZeWgDQiCeEkGWZ0YZXveV41dOdC/view"
"20240301 Country Malt Group - Helltown.pdf","https://drive.google.com/file/d/1EeMK28amQ_MpvlzuTqa9rux32NOGeupE/view"
"20240401 Country Malt Group - Helltown.pdf","https://drive.google.com/file/d/114o0sSC_dHn5V85do03K98vG7KW7HG8V/view"
"20240125 CMG - East Brother Malt.pdf","https://drive.google.com/file/d/1vl-C0WAFKzG7dEqofuiYAVCz31WlXq-e/view"
"20240116 CMG - East Brother Malt.pdf","https://drive.google.com/file/d/1dB9FS_UlAJCdd3spq48PayBWCBFjqM7N/view"
"20240116(2) CMG - East Brother Malt.pdf","https://drive.google.com/file/d/1HDnV7QuT9whwlUwckKCkgFOarPrm07yj/view"
"20240213 Lindenmeyr - Modist.pdf","https://drive.google.com/file/d/1DCqmchdg0ork55QyZIO16pLPp4pwmHTi/view"
"20240209 Lindenmeyr - Modist.pdf","https://drive.google.com/file/d/1dScSoacRNRlmaBC2gzusE-M2Xe1dy_r6/view"
"20240207 King Orchards, Inc. - Ore Dock Invoice #66079.pdf","https://drive.google.com/file/d/1oPUL0w9sIwwSXgRlP-a85ROf4t3SbtWq/view"
"20240401 King Orchards - Helltown.pdf","https://drive.google.com/file/d/1DxRYLA-xpvwQLzN8cYObouniaFrMmAqO/view"
"20240812 - L2Brands, LLC IN24236019 - Hobbs.pdf","https://drive.google.com/file/d/1aVZdt-TSzwOXgwRMQ0Hmtvz85yXty0_s/view"
"20240729 - L2Brands, LLC IN24220180 - Hobbs.pdf","https://drive.google.com/file/d/1K6JeAcJoPONQiMCiIKkRh85EreGP1gL6/view"
"20240702 - Mad Cow Screen Print - Hobbs brewing.pdf","https://drive.google.com/file/d/1laNKAG4ZtUs-cLzC7Jgay0W80MYp7Uo9/view"
"20240718 - L2Brands, LLC IN24209423 - Hobbs.pdf","https://drive.google.com/file/d/1PFaffE7W51eOvAEX56UEYoGr80b6mYYM/view"
"20240718 L2Brands, LLC IN24209423 - Hobbs.pdf","https://drive.google.com/file/d/1ogcIc0hgRPLZpizwAvqBq-7hjZoBhH6R/view"
"20240712 - L2Brands, LLC IN24203384 - Hobbs.pdf","https://drive.google.com/file/d/1C_2rWNm9N4RFaw4DEE98yFyxNngrdDE5/view"
"20240708 - Mad Cow Screen Print - lake life - Hobbs.pdf","https://drive.google.com/file/d/1eyWBXPJHvmWziU0GNZveqjeH5GBdf06e/view"
"20240712 - L2Brands, LLC IN24203451 - Hobbs.pdf","https://drive.google.com/file/d/1lUFt0T402ZAn4oB-nZvNKC1MZz4STu8A/view"
"20240712 - L2Brands, LLC IN24203743 - Hobbs.pdf","https://drive.google.com/file/d/1t05GGvGa_yzzOwZLVSEAuIkkEyJX3Oj2/view"
"20240610 - L2Brands, LLC IN24169044 - Hobbs.pdf","https://drive.google.com/file/d/1P-fpdAZ0o49iEwOm_upInBk0d_9eKwEt/view"
"20240320 S&S Activewear - Ore Dock Invoice 72461733.pdf","https://drive.google.com/file/d/1V5nIO6dF5D8z6yzhJ4uS1WBrVFpmJD3n/view"
"20240321 S&S Activewear - Ore Dock Invoice 72461744.pdf","https://drive.google.com/file/d/1hu8VlIpp9sfaG1IBu-WZ9vndQe0lm8iw/view"
"20240520 All About Graphics - Helltown Inv00003725-merch.pdf","https://drive.google.com/file/d/1ykROXBETGTaNQb0d7rdgmPT5QopQQu_Y/view"
"20240502 L2 Brands - Hobbs  IN24127344 Apparel.pdf","https://drive.google.com/file/d/1apHi99kvE5RcqP3NVngzpHUCN0etWTam/view"
"20240509 L2 Brands - Hobbs IN24135501 Apparel.pdf","https://drive.google.com/file/d/1VWCyQ0XS0Hu1Qas_O-CERG6zjVIoiDyz/view"
"20240501 L2 Brands - Hobbs IN24125623.pdf","https://drive.google.com/file/d/1HxT9LtM2ce0y8YWbXjOTNgd017khioJs/view"
"20240502 L2 Brands - Hobbs apparel.pdf","https://drive.google.com/file/d/1U5MPxOymFNnD8ow5rZVqzv37k9uUa7JU/view"
"20240517 Mad Cow Screen Print - Hobbs zip up.pdf","https://drive.google.com/file/d/1MawEsvy7PHS2iJfhueqN8yHBXwaFsBHV/view"
"20240425 Mad Cow Screen Print - Hobbs - 2.pdf","https://drive.google.com/file/d/1oiZvho6zP68yWWNk4mo-o92Wni9V2s10/view"
"20240416 Mad Cow Screen Print - Hobbs.pdf","https://drive.google.com/file/d/1-9QYdTyH8RDELWzvzqltFd7P6CfaiRr9/view"
"20240425 Mad Cow Screen Print - Hobbs.pdf","https://drive.google.com/file/d/1BZPNrBgK25q0J1pvuQWGQIyDPOr1Tv7F/view"
"20240304 All About Graphics - Helltown.pdf","https://drive.google.com/file/d/1owzXuQ3zlmK94ad72ozZiD_HjRoHIWo1/view"
"20240226 Cirm_Custom_Decorating - Helltown.pdf","https://drive.google.com/file/d/1y7ZVD-1Q5XiheMM0piyoK5muOLXzDxM9/view"
"20230922 - Secret Hopper - Workhorse.pdf","https://drive.google.com/file/d/1ReY6rS5A4-kXMwgwj511wvqX3V-OqWsS/view"
"20241123 - Secret Hopper - Workhorse.pdf","https://drive.google.com/file/d/1vEheb_nBc7TAj11o9-Q4-9yA7_DQkya0/view"
"20240606 Full  Color Coasters - East Brother inv30968.pdf","https://drive.google.com/file/d/1i6aiGEom4clD4nMY-tjWEZrHmoOKuHr5/view"
"20240531 Full Color Coaster - East Brother inv31096.pdf","https://drive.google.com/file/d/1sfI1Whkben71Q9S_6L7JzMtYLpg-SH9v/view"
"20231207 Full Color Coasters - Masthead.pdf","https://drive.google.com/file/d/1foA95b5ZIztl5K68muiA9jfQ8ODGsJnt/view"
"20231016 EZ-Up - Enterprise.pdf","https://drive.google.com/file/d/1Fd16dVDMBdoOD1OQ0ububqmBxNoLMVMS/view"
"20240123 Aramark - East Brother Facilities Supplies.pdf","https://drive.google.com/file/d/10m7L-zATMv2NtFbJd6bQM9Tq64H9LQjQ/view"
"20240109 Aramark - East Brother Facilites Supplies.pdf","https://drive.google.com/file/d/1y8h2Y5xk8IM2CTPL1iWC-bqyhUil-ICB/view"
"20240501 Keg Logistics - Ore Dock Invoice B-917971.pdf","https://drive.google.com/file/d/1OKqsXVGiPu4FYOgqsbU7umpilylytvDI/view"
"20240401 Keg Logistics - East Brother.pdf","https://drive.google.com/file/d/1Q6yiCsdHju0iH4htazjWsfMVoT9lc9aq/view"
"20240501 Keg Logistcs - East Brother.pdf","https://drive.google.com/file/d/13JoYuhg9H4SO03w8hztnrepZviTOKJAJ/view"
"20240101 Keg Logistics - East Brothers.pdf","https://drive.google.com/file/d/1goANBig_izUEAdTcwXrjM8EwmWM1wOV8/view"
"20240429 Orkin - East Brother - Invoice 04 Apr '24 mosquito.pdf","https://drive.google.com/file/d/1kHeGpVUQgYrfK65zTndv4YKNjSZXBXhL/view"
"20240429 Orkin - East Brother - Invoice 04 Apr '24.pdf","https://drive.google.com/file/d/1rdE-B0up4nkM6F-l09kgw9c_8vblZo8w/view"
"20220923 - JP Pest Services - Hobbs.pdf","https://drive.google.com/file/d/1g82py_f5Ll9PxtyP6k_gossYxXqbyYiG/view"
"20221028 - JP Pest Services - Hobbs.pdf","https://drive.google.com/file/d/14_QpjWjxE3tsmRRd4x3KjW2deCQ66fV-/view"
"20240108 Orkin - East Brother - Pest Control.pdf","https://drive.google.com/file/d/1abIby3Aofw0kpXUvE23qgJYlU3NWWcCD/view"
"20240219 - Ja-Roy Pest Control - Urban South.pdf","https://drive.google.com/file/d/1mTx0lMdYvpG0zroAeWPAa5zBhicRt1G3/view"
"20240628 Vessel - Wild State.pdf","https://drive.google.com/file/d/1NOi8vIHPat4kXiJ9x3g7lGF6Tk-4QRQM/view"
"20240209 Berlin - Urban South - 16-0254848 -.pdf","https://drive.google.com/file/d/1W4GTjHLkOyXRNRhmczrwD-aJBNuANMId/view"
"20240523 Clean Edge - Helltown - Invoice_INV_2024_03572-chemicals.pdf","https://drive.google.com/file/d/1ECPcvIZyuougSDZzuuWHSa6lLFJSdLRP/view"
"20240328 Chemco - East Brother IN-220779-2024-0328-153739197.pdf","https://drive.google.com/file/d/1oPubDWPpTD4lkAroODpe5nG8BqEzqRJZ/view"
"20240327 Chemco - East Brother - IN-220686-2024-0327-14535662.pdf","https://drive.google.com/file/d/19rMUeWp0ibb6dvk2Y3ZTtUGrkSrXkGmD/view"
"20240428 Oxxion - Ursa Minor Brewing.pdf","https://drive.google.com/file/d/1AlaPL1bt-DVJ0aAWi9m1pxsu22FBpYCU/view"
"20240126 Hawkins - Bauhaus.pdf","https://drive.google.com/file/d/1XS25bDoNZI6mhy81FMzux-2OVOxP6ofb/view"
"20240207 Hawkins - Bauhaus.pdf","https://drive.google.com/file/d/19KhcXMIAGdq7etnKSxk7naWTkAiTcR_Q/view"
"20240312 Hawkins - Bauhaus.pdf","https://drive.google.com/file/d/19mqmQKzOui9L2q1E4RxSpq9sWF_B4Yi4/view"
"20240205 ChemStation Bauhaus.pdf","https://drive.google.com/file/d/1wxqUT3NTV2oAfon3tPmYDBBYG-WHI4Ni/view"
"20240119 Hawkins - Bauhaus.pdf","https://drive.google.com/file/d/1a-a2dJVfmsQE48J2rxEXz4mmc-xOnCmH/view"
"20240224 - Madison Chemical - Bemidji.pdf","https://drive.google.com/file/d/1Qayi7CPyX61QCWAfZmPVSGPTth6npOpX/view"
"20231213 Chemco - East Brother Chemicals.pdf","https://drive.google.com/file/d/1ICOMFlb2Ly-941Sk5CpYU6npdgI_ds9Y/view"
"20240124 Chemco - East Brother - Chemicals.pdf","https://drive.google.com/file/d/1Y5X9lZ1dlTuId3H5dcU4LthNPCMtd47w/view"
"20240108 Chemco - East Brother - Chemicals.pdf","https://drive.google.com/file/d/1jIVlL7oW8SPXwo9kToSNP5xzI9x3292M/view"
"20240216 - Ace Chemical - Earth Rider - 20240219_Chemi^ll.pdf","https://drive.google.com/file/d/1DFc9k6XQE0C7O3RBlS-hkoXrXfq3pyhf/view"
"20240604 Belmark - Helltown invoices20240604-15pack.pdf","https://drive.google.com/file/d/1_nmkHHxZy_yHq3Nu8Jg8Np72ogRVWMKZ/view"
"20240430 Sterling - Barrio 12 pk can carriers.pdf","https://drive.google.com/file/d/1uYqxHEC-YzCS2WwzPY9CBbrm_FUVk__D/view"
"20240403 Belmark - Helltown.pdf","https://drive.google.com/file/d/10dKxiyj6F0jzZ4bPEYM24lOwvh0Z5wr0/view"
"20240216 Quad - Urban South.pdf","https://drive.google.com/file/d/1_9OR6ttwmMMcTQkkbzOJz3pjdWWYdtQO/view"
"20240410 Wildpack - East Brother.pdf","https://drive.google.com/file/d/1FMxCewWnNKYZyoGGbk-ptmXAZt4Gpd3A/view"
"20240322 Wildpack - East Bother.pdf","https://drive.google.com/file/d/15K6smZiZ3Cwo9QOAEgWk9TBUONoMK-RO/view"
"20230718 Wildpack - East Brother Blonde 6 pallets + 19.2 cans Invoice_INV-30510127.pdf","https://drive.google.com/file/d/15IPX4GWtmcRNk251FLGQB-QHPwhfGXQ4/view"
"20230914 Wildpack - East Brother Baltic Porter INV-30511110.pdf","https://drive.google.com/file/d/1kfe9fWYXfZBWObo1Z0TIdiDOVngWhndF/view"
"20231109 Wildpack - East Brother Taproom Series Invoice_INV-30512421.pdf","https://drive.google.com/file/d/1xar2PcoZdo1XR6PbhbQ_EC460MfceeDM/view"
"20230807 Wildpack - East Brother Pub Ale INV-30510463.pdf","https://drive.google.com/file/d/1kuVNZgaMEJ-Rjd9gn1ASKClmB6Yzu9cF/view"
"20230504 Wildpack - East Brother RIS Invoice_INV-30508837.pdf","https://drive.google.com/file/d/1SbaKKibTucCVbhuutw6dmG6hWl20fQJW/view"
"20231117 Zion Packaging - La Quinta Sleeved Cans.pdf","https://drive.google.com/file/d/1U6-OHJTnPxtFCiE8ZU83tqK7YRkD4sJL/view"
"20240104 Zion Packaing - La Quinta - Digitally Printed Cans.pdf","https://drive.google.com/file/d/1OKa3Dbsci6n9zlSyZg9yncC5ZoAi5zY3/view"
"20240710 Pratt Corrugated - Wild State.pdf","https://drive.google.com/file/d/1s-cL_adLwH74RjEuWvPpNyvTDLb2wn-p/view"
"20240228 Pratt - ORE_DOCK_BREWING_CO_LLC_INVOICE_502529571_PLANT_Grand_Rapids.pdf","https://drive.google.com/file/d/135GCdw6kiNPGrOpQcvi_cyuwRsTtcs51/view"
"20240604 WCP Solutions - East Brother WCP INV#13662954 for PO#1874.PDF","https://drive.google.com/file/d/1_cWJ_kry_freO1yOTi0C2_WrrXfr5Dkm/view"
"20231110 WCP Solutions - East Brother Paktechs and Can Trays.PDF","https://drive.google.com/file/d/11trDbfAsFD0ysIUiJkRhnJNw10OSA_V4/view"
"20231223 Atlas Labels & Packaging - Laquinta - Can Trays.pdf","https://drive.google.com/file/d/1J7gyJlYU0uDxIy3Pt75oztDf93TKfHBe/view"
"20240117 PCA - Urban South Inv10032329.pdf","https://drive.google.com/file/d/15c2KKILlfVwg7acCQkhIUFmKTZ1b2xWN/view"
"20240312 American Wedling and Gas - Ore Dock Invoice 0009972308.pdf","https://drive.google.com/file/d/1h4uXr-wyWOEGxibj9d2PaFAtBLDljni0/view"
"20240402 American Welding and Gas - Ore Dock Invoice 0010025709.pdf","https://drive.google.com/file/d/1iRLCEdhZPkr21peUYEi_3qcBUtJtPtcW/view"
"20240331 American Welding and Gas - Ore Dock Invoice 0010019069.pdf","https://drive.google.com/file/d/1IHoS4vYC1OP7OKvLeQse1bXGArslf7oM/view"
"20240513 American Welding and Gas - Ore Dock - Invoice 0010108158.pdf","https://drive.google.com/file/d/18SyQ2fLj70c4p2Eeqq3wDIBselWdo99E/view"
"20240416 American Welding and Gas - Ore Dock Invoice 0010045627.pdf","https://drive.google.com/file/d/1uaiY-qDkDEtwLpGpuTfuyVWdbhqqt-Qn/view"
"20240506 American Welding and Gas - Ore Dock Invoice 0010098313.pdf","https://drive.google.com/file/d/1DfWu2AwJ2rOy0ra-L2BQdVpBzwPMHlzL/view"
"20240430 American Welding and Gas - Ore Dock Invoice 0010087728.pdf","https://drive.google.com/file/d/1ahsp2gMS2RWODJRKJzShYwZqIyjX1mQV/view"
"20240430 Carbonic - East Brother Inv_582028_from_CARBONIC_SERVICE_INC_8071913_15672.pdf","https://drive.google.com/file/d/14rxVW0aYjem3CkBfA_KmzVYH70bCPJSH/view"
"20240422 Carbonic - East Brother Inv_579290_from_CARBONIC_SERVICE_INC_8055958_9572.pdf","https://drive.google.com/file/d/1BJ2xlbHhRUnBkxJXObVHHOojCro42Se6/view"
"20240102 Carbonic Service - East Brother Co2.pdf","https://drive.google.com/file/d/1QBP7V77nJyQZmUV5aVIBePS-qHoE_-uP/view"
"20240108 Carbonic Service - East Brother - CO2.pdf","https://drive.google.com/file/d/1Jwv04Lza853iTmQJaN2S87NATEHjlrwK/view"
"20240115 Carbonic Service - East Brother CO2.pdf","https://drive.google.com/file/d/1TARKwEXMGfWlOoYpI9SdcTenUYQIG4C_/view"
"20240205 Urban South - Air Products Invoice 0426758340.pdf","https://drive.google.com/file/d/1mkR7iBJTYFzV9q11fNhyDy9aiUThs7oS/view"
"20240404 C.H.Robinson - East Brother - Invoice6191642140.pdf","https://drive.google.com/file/d/1C5n78sJpTP5bKw99xaVBKyDbGfkT_3YN/view"
"20240327 C.H. Robinson - East Brother Brites & Belgian March 14 2024.pdf","https://drive.google.com/file/d/1lCYBEBd4D8RO969opBsLBlJok2B87Pep/view"
"20230523 C.H.Robinson - East Brother Freight Cans.pdf","https://drive.google.com/file/d/17SGNpDvMMI8IlUaQzEymVH_30EY1Z4ns/view"
"20231130 C.H.Robinson - East Brother - Freigt Cans.pdf","https://drive.google.com/file/d/1qfZtcO8pLLFNpd4ey8i3GHK3SH49bkQk/view"
"20240129 C.H.Robinson - East Brother Freight Cans.pdf","https://drive.google.com/file/d/1XwNLdCaNx7tKmgqho8Zl-eN7Bzu4FLeX/view"
"20240131 Urban South - Priority1Invoice11124142.pdf","https://drive.google.com/file/d/1_VLi9RtzQ4qnAm11W5emE8kc2GusFUL0/view"
"20240521 - Berlin - Helltown OMS1000_69931135-19.2oz cans.PDF","https://drive.google.com/file/d/1V_pwj8n9JeFpoI7a0iINTUrPnx-XL27k/view"
"20240531 Berlin - Helltown OMS1000_70046679-202lids.PDF","https://drive.google.com/file/d/12ocZxHDP9k5OXGHb2rqupqBuaUvm1yqi/view"
"20240326 Berlin - Helltown.PDF","https://drive.google.com/file/d/1bfElubAa6ljTi4mu6WU9YFBYYiP4k_BF/view"
"20230929 Wildpack - East Brother Brites (less 10%) INV-30511349.pdf","https://drive.google.com/file/d/1u1CbEJNg-2ODnCy3IVq9UKYyWmfGNaZk/view"
"20231128 Wildpack - East Brother Brites Invoice_INV-30512699.pdf","https://drive.google.com/file/d/1Oswe27fdUgZFm0rGnnExDXQbgzq0_fU6/view"
"20230315 - ZH - Workhorse.pdf","https://drive.google.com/file/d/1kxY420IZIvCnZf6rqKGxzY9_q-zHP0Ak/view"
"20230921 - ZH - Workhorse.pdf","https://drive.google.com/file/d/1Bf6VKRp1ybwOl5rjt_8J6e0HiXSkK7T6/view"
"20221231 - ZH - Hobbs.pdf","https://drive.google.com/file/d/10MKBP_Paw9YGDOFSdGpdxbND1pfVEZ2u/view"
"20230405 - ZH - Hobbs.pdf","https://drive.google.com/file/d/1nVjBaUG612D1l_nHrf0-RxqAK5xq0_Tg/view"
"20230210 - ZH - Hobbs.pdf","https://drive.google.com/file/d/1jAZ53sw_u9TEKTBihDDqj__G1qHKCU4R/view"
"20230316 - ZH - Hobbs.pdf","https://drive.google.com/file/d/1BKFbX6eg_Uyc8-B9v6D0GZBUYAWrkJ6u/view"
"20230505 - ZH - Hobbs.pdf","https://drive.google.com/file/d/1XI6qv-HQvoC_NkspWE8WA9HeHynw-GwK/view"
"20230518 - ZH - Hobbs.pdf","https://drive.google.com/file/d/1GYHaJRXGMTBKlbwovh7b0bV-pCQiAOwi/view"
"20230412 - ZH - Hobbs.pdf","https://drive.google.com/file/d/1Gxwifj8L2IFrq-A5BqdRACao-2SgMaWM/view"
"20230524 - ZH - Hobbs.pdf","https://drive.google.com/file/d/1iFmZAle9gMqL5qeRTmWFaiL3DF0MTj7c/view"
"20230629 - ZH - Hobbs.pdf","https://drive.google.com/file/d/1H37ALx0kEq783vsaoX3iLMQxFscV_q6A/view"
"20230309 - ZH - Hobbs.pdf","https://drive.google.com/file/d/15zECPbD46rtIiyAkLdoPXzMXZyQ8pm2C/view"
"20220815 - ZH - Hobbs.pdf","https://drive.google.com/file/d/1iGxlRd4F3hCR8tP4oseyM1biddtSyp0N/view"
"20220805 - ZH - Hobbs.pdf","https://drive.google.com/file/d/1QOQQgTsYtXghvfVNLZZfFejujzM6MeLp/view"
"20220523 - ZH - Hobbs.pdf","https://drive.google.com/file/d/1BI9aqJ-Ow6Oq7qXzCd1IaXqnwyyXgqvW/view"
"20210622 - ZH - Hobbs.pdf","https://drive.google.com/file/d/14OCtMt9J-wZsB3Xl8AQ0AWPzc4sPSu2V/view"
"20220411 - ZH - Hobbs.pdf","https://drive.google.com/file/d/1mfxqcDVrg18t0px30lVTHsQwP_Jvv3Cj/view"
"20220829 - ZH - Hobbs.pdf","https://drive.google.com/file/d/1A4khUqRKDjDZ-uNS42omHI_u3mifJA1i/view"
"20210723 - ZH - Hobbs.pdf","https://drive.google.com/file/d/1Tbd_nxo4koxFkinYOEQFKGZ6QjXBO5LP/view"
"20210721 - ZH - Hobbs.pdf","https://drive.google.com/file/d/1NKoVOP73jKK38Bu9ixSbRcFuOfhu3dBb/view"
"20210712 - ZH - Hobbs.pdf","https://drive.google.com/file/d/1XS4TqMUGLB0njtAj0Q2_M1GAye1x0PZP/view"
"20220712 - ZH - Hobbs.pdf","https://drive.google.com/file/d/1iB10Iv-quaa5UbeJsqil_rILBYIzmEDs/view"
"20210604 - ZH - Hobbs.pdf","https://drive.google.com/file/d/1OA_GzqQpKLUP8ZkddnKjJcNie7M_Jp4H/view"
"20210908 - ZH - Hobbs (2).pdf","https://drive.google.com/file/d/1XAxQe2Y3f4k2PMCxQFZS-DgENUrZfk3N/view"
"20220324 - ZH - Hobbs (2).pdf","https://drive.google.com/file/d/1ZLc-qlrt3LDRipntx9OUoMkT540c--r6/view"
"20220228 - ZH - Hobbs.pdf","https://drive.google.com/file/d/1pFmKqweik97x0_itL41wNGhYMlV7TcSJ/view"
"20220315 - ZH - Hobbs.pdf","https://drive.google.com/file/d/1w_c3WMVOCYwXY9q5Mdhd2w4_PAcYc3_5/view"
"20220513 - ZH - Hobbs.pdf","https://drive.google.com/file/d/1DFq2LgthuvAvv7v2sfLy0UO_nj1UnLDd/view"
"20220907 - ZH - Hobbs.pdf","https://drive.google.com/file/d/1UtlgG2Wgwl2uN1WUGqk_htE_bXyoXQi2/view"
"20220414 - ZH - Hobbs.pdf","https://drive.google.com/file/d/1ib6kivCTMLSYeN6VC1a5H75R7Oyp5qj7/view"
"20220729 - ZH - Hobbs.pdf","https://drive.google.com/file/d/1sFBhsvc_CQaMytsuS4ZpAHUGzH0AZXDa/view"
"20210908 - ZH - Hobbs.pdf","https://drive.google.com/file/d/1fdOBo9UQkSueK2-QJdVoRVBZa2hOw2eG/view"
"20220217 - ZH - Hobbs.pdf","https://drive.google.com/file/d/1B2a904DlPyPK94dIH7g626sHQsjvBUpx/view"
"20220211 - ZH - Hobbs.pdf","https://drive.google.com/file/d/1knauK_Ag3Gaai1byKR5fTfGfWtaA82dX/view"
"20220117 - ZH - Hobbs.pdf","https://drive.google.com/file/d/1kc9N3BDy-Z1ilgndd3y0E9Cp9ntnCM77/view"
"20210604 - ZH - Hobbs (2).pdf","https://drive.google.com/file/d/169EbiQ_bM2N_Wl8nXa2Z1wjXsoz6o4RE/view"
"20210604 - ZH - Hobbs (3).pdf","https://drive.google.com/file/d/1ZRbc-DFXsFxc3VkmgC3WrqX-Hv8Izh8a/view"
"20220406 - ZH - Hobbs.pdf","https://drive.google.com/file/d/1lXBGRO91SJLFCDUFhbv_ypT-VkVbZYzE/view"
"20220131 - ZH - Hobbs.pdf","https://drive.google.com/file/d/1binPiIXdhPNFQzaZlUs7hhzQFBWOjzaC/view"
"20220324 - ZH - Hobbs.pdf","https://drive.google.com/file/d/116ZYFK8rOXjXHeiqoephmpum-BXfA48c/view"
"20221028 - ZH - Hobbs.pdf","https://drive.google.com/file/d/1xeHifzTL_UHi1lrFraxyS_CxaWn4az4B/view"
"20221130 - ZH - Hobbs.pdf","https://drive.google.com/file/d/1JH9i8hL_1I78d6yNGn_IFYele7r3ED2r/view"
"20230731 - ZH - Hobbs.pdf","https://drive.google.com/file/d/1dlWO_yz5550tuSaVPmdNAxXO7rAvULWF/view"
"20230807 - ZH - Hobbs.pdf","https://drive.google.com/file/d/1Gu_CaqNKqqrJI67mYuMHcpNeGeoiRis9/view"
"20221123 - ZH - Hobbs.pdf","https://drive.google.com/file/d/1xataJ4Hx03WCmHNgOGhBLtvLiUHrKXoR/view"
"20230906 - ZH - Hobbs.pdf","https://drive.google.com/file/d/18O5rG2BH6unlPgWUtCGNXqK9MyTBM1Z_/view"
"20230818 - ZH - Hobbs.pdf","https://drive.google.com/file/d/1bCRyhEl9Wwk_vQQiyKr8b6ZeIIUO4YCU/view"
"20230630 - ZH - Hobbs.pdf","https://drive.google.com/file/d/1TztAIOTYJVC4TrJOHU0ONnM6TOlwI8xz/view"
"20230717 - ZH - Hobbs.pdf","https://drive.google.com/file/d/1swLXsPlLPtTh9r0tFD6Z-ODqUm1TxBEO/view"
"20220927 - ZH - Hobbs.pdf","https://drive.google.com/file/d/1Q-cFT61HQ60JcbViDVZH4xcVgwjE165u/view"
"20220628 - ZH - Hobbs.pdf","https://drive.google.com/file/d/1eGuJt2_lgJJTttl4E_jiSH8fSpyV_hk_/view"
"20230730 -  ZH- Gearhouse.pdf","https://drive.google.com/file/d/11DfYEiqt11UCVsOeYYHqVm_nTARkOMRX/view"
"20240717 Vessel - Wild State.pdf","https://drive.google.com/file/d/1pZtCkP1SZEWvyoX9XsTo_Hr9l41gjizM/view"
"20240705 Vessel - Wild State.pdf","https://drive.google.com/file/d/1Xh2vjvaCDmZuW4Z4uW4yLEGPUVwM97LA/view"
"20240719 Vessel - Wild State.pdf","https://drive.google.com/file/d/10RIfRcpzOEh-KQhddx7BB7ShIPf2pPhf/view"
"20240125 Urban South - ZH CU041219_Sales order invoice_2024-01-25T155009.pdf","https://drive.google.com/file/d/1gqhHrpGPVoEMtGNxhvuo-qgWgeTGD9UQ/view"
"20230828 - ZH-Urban South.pdf","https://drive.google.com/file/d/18sXSjN1SopnVUz53LsK948ifZCYzYTow/view"
"20230807 - Berlin - Lakefront.PDF","https://drive.google.com/file/d/1-7o7px6YTbZEJrfCdJHJDUoF1SwHN3IB/view"
"ZHSOTermsConditions - ZH - Urban South.PDF","https://drive.google.com/file/d/1-vM7U9icOlk2rJ5NFBwX-jNSGY0aIa6U/view"
"20240813 - inTouch 94123 - Hobbs.pdf","https://drive.google.com/file/d/1rc1mrssFG26LUtUGY5Ve_8tK-rFD1JT8/view"
"20240821 - InTouch - Invoice1-12 - Hobbs.pdf","https://drive.google.com/file/d/1UCWOxv3YvKFQzPISccjxy5wdoH1yVb27/view"
"20240702 - Intouch 92080 - Sap House.pdf","https://drive.google.com/file/d/1UiqK_yqIpYGVdaDjtj0NPZJa-3J1wQfB/view"
"20240713 - Intouch 92418 - Hobbs.pdf","https://drive.google.com/file/d/1BIy1vPeVtFzHEHEFT1RuoYmMoYrhf9Ul/view"
"20240713 - intouch 92418(1) - Hobbs.pdf","https://drive.google.com/file/d/1SaxcBwpKPBYcsIx-93W51D-yz4CFH44y/view"
"20240702 - InTouch 92079 - Sap House.pdf","https://drive.google.com/file/d/1UmsAeZ6AwNNmJYqJG1vM_5inKrXCuLm4/view"
"20240726 - InTouch 93124 - Hobbs.pdf","https://drive.google.com/file/d/1HWhIbEJtpZYEd5i-_WeuqQRcNOJ40dGW/view"
"20240728 - intouch 91925 - Hobbs.pdf","https://drive.google.com/file/d/1VRtLLo_jGmtdyhE1sOOpiLkLgwM0mXYN/view"
"20240711 - intouch 90922 - Saphouse.pdf","https://drive.google.com/file/d/1KulAtpzx40YKnWGg_SjSOsU5ARIF9VKf/view"
"20240711 - intouch 90857 - Saphouse.pdf","https://drive.google.com/file/d/1lCatr4CPLWWS492ez2mh0eQ-lK4lzvIK/view"
"20240711 - intouch 90858 - Saphouse.pdf","https://drive.google.com/file/d/1oJTSaWXnKKYZlp4VGpSqgeR9t1tHFF-q/view"
"20240624 JS Print Group - Wild State.pdf","https://drive.google.com/file/d/1R-s_ITD2WGYPhP-FyibLm2mkcchoYGjo/view"
"20240708 JS Print Group - Wild State.pdf","https://drive.google.com/file/d/1LWOaoYRIijflnaxEBJz1v76AYv8qQBXy/view"
"20240703 Northern Plains - Wild State.pdf","https://drive.google.com/file/d/1dugq0Vg4epq0xrmDAa1h6f4FOw45hkfL/view"
"20240719 Mammoth Labels and Packaging - Wild State.pdf","https://drive.google.com/file/d/1X9FyCbLKBP7rz96fM8VfWIrl2P6Bvbd9/view"
"20240701 Northern Plains - Wild State.pdf","https://drive.google.com/file/d/1u703GZagi6BxJq_-O2ltp4p758LPwVO0/view"
"20240715 JS Print Group - Wild State.pdf","https://drive.google.com/file/d/1OSTvP6yj7ypP5xNKAYGXSL1pixjKXe4v/view"
"20240801 Northern Plains - Wild State.pdf","https://drive.google.com/file/d/1JrSHYtbWhIR-VuP7BA5lMyBGTSkE9hKJ/view"
"20240616 InTouch - Hobbs 89821.pdf","https://drive.google.com/file/d/1qLhDzBiT4fJN7KREK7X2i6zUbOeou5_g/view"
"20240623 InTouch - Hobbs 90065.pdf","https://drive.google.com/file/d/15ZYu8CgYug_HaFnEyWiPxkdk-mG8D2bL/view"
"20240616 InTouch - Hobbs 89783.pdf","https://drive.google.com/file/d/1tvkZo7dXdDrlzuWymXNx8gcZdCKA7p7P/view"
"20240606 Intouch - Hobbs 89227.pdf","https://drive.google.com/file/d/1zdO-ghhviPhJ7qfFn2zCydIkP4Iwgr4K/view"
"20240606 intouch - Hobbs 89276.pdf","https://drive.google.com/file/d/1R8u-9Nxi9IPckyZW-7hmZCM47puLEbVq/view"
"20240606 intouch - Hobbs 89237.pdf","https://drive.google.com/file/d/11cbCpB5jSN03Z_UG9IjPjgbCmFoqKg1D/view"
"20240505 InTouch - Hobbs.pdf","https://drive.google.com/file/d/1g-CW6d7nl2EdQFwHAi3_2WXeyO1oKdd-/view"
"20240505 InTouch - Hobbs 87658.pdf","https://drive.google.com/file/d/1vz3vb7i34NfocU7KEYoz3Xx2_GB_ZXVp/view"
"20240505 Intouch Hobbs 88370.pdf","https://drive.google.com/file/d/1uEpGHYCj1EDm8bnAXN-60tRO0upSgv4G/view"
"20240526 In touch -Hobbs 88776.pdf","https://drive.google.com/file/d/1t4a2kFc9k08U5w-r6u0wQc3a8YX3j-hD/view"
"20240313 Alpine_Packaging - Helltown.pdf","https://drive.google.com/file/d/1ERhlJVfn65aYe7tAxYgJr1fGgYEAFugk/view"
"20240321 Blue Label - Bauhaus.pdf","https://drive.google.com/file/d/1tUOe-B3Ad3pQQHSGx5n9Ej5rIpmaB4L4/view"
"20240201 Blue Label - Bauhuas.pdf","https://drive.google.com/file/d/1aFRr879P08o-aVffkO4GOqVi5Ep70ZOD/view"
"20240325 Blue Label - Bauhaus.pdf","https://drive.google.com/file/d/1btnSfWYDdGBTrRJ7bglR6mxLjVCXEAYJ/view"
"20240209 Blue Label - Bauhaus.pdf","https://drive.google.com/file/d/1gj0zJ29IxfBKTaWld8YDMYdFRO-0A2oe/view"
"20240309 Blue Label - Bauhaus.pdf","https://drive.google.com/file/d/1uhgfNqXvC2q9GEMyKvY_d_Bh16Wz_b64/view"
"20240131 Blue Label - Bauhaus.pdf","https://drive.google.com/file/d/1m1jtoNWEQQHRs_tPpc-jbKpWhLBTDXBP/view"
"20230907 - InTouch - Hobbs.pdf","https://drive.google.com/file/d/1M93n9VtZYNg7GPj4RcCzSSZv42vW8mvv/view"
"20230818 - InTouch - Hobbs.pdf","https://drive.google.com/file/d/1clJE9Vg1bnIAc2-ic-qiyPcV9p63asnr/view"
"20230330 - InTouch - Hobbs.pdf","https://drive.google.com/file/d/1nBklEwn4VA4dI-7L8Nk1vNL0RmXTdyyp/view"
"20240303 - InTouch - Hobbs.pdf","https://drive.google.com/file/d/1ChMQjYGksezgnrK8R3qwExIXaDBm3_Ih/view"
"20240112 - InTouch - Hobbs.pdf","https://drive.google.com/file/d/1jXGBGAm_6scR7uw6ag87DBcHr1iiaDjd/view"
"20230723 - InTouch - Hobbs.pdf","https://drive.google.com/file/d/1lG06o7WJhBmlu9qvGSPV5YSri1zNBX8t/view"
"20230110 - InTouch - Hobbs.pdf","https://drive.google.com/file/d/1XMwn_-LPfSqgZZRANRV1yFyROWmZnPc3/view"
"20230602 - InTouch - Hobbs.pdf","https://drive.google.com/file/d/1WFrpxXJ16eAtihKHuXtNshen7FVK17xg/view"
"20231116 - InTouch - Hobbs.pdf","https://drive.google.com/file/d/1TRjJ7tF7p7tsLWxDTT8mCgC8cStOsZpF/view"
"20231103 - InTouch - Hobbs.pdf","https://drive.google.com/file/d/1IgRiyAqaplb-uGeXm08MTBYRceA8q6M6/view"
"20231017 - InTouch - Hobbs.pdf","https://drive.google.com/file/d/1EPHr5WS0subi_D-Fx0h-uZuxQV-MVzs7/view"
"20230604 - InTouch - Hobbs.pdf","https://drive.google.com/file/d/1egfB1amg_1yPKHtV8XKJzSsMU_lAIA9q/view"
"20231103 - InTouch - Hobbs (2).pdf","https://drive.google.com/file/d/1jTAbx3Dqr5uugTUMUxDjNMRrDIpVfMHQ/view"
"20231117 - InTouch - Hobbs.pdf","https://drive.google.com/file/d/1qI-5CRL5ivO3kIVUoTPyafA_AqEcCywZ/view"
"20240303 - InTouch - Hobbs -2.pdf","https://drive.google.com/file/d/1o3NTk1ZiU6dbLZloQnS3JzlRvkSq7qBf/view"
"20230505 - InTouch - Hobbs.pdf","https://drive.google.com/file/d/1himRZgqE9HRJAFi8Fgut-7m_9VubzyTa/view"
"20230617 - InTouch - Hobbs.pdf","https://drive.google.com/file/d/1ukDPRxMgKOo0Rybtwj3ZQvqmPesVsdGe/view"
"20230815 - InTouch - Hobbs.pdf","https://drive.google.com/file/d/1QXAgQ5zA98GTc1EwIzyiJLkuCC3hjVpY/view"
"20230721 - InTouch - Hobbs (2).pdf","https://drive.google.com/file/d/14hwryIqBgXRrhYlks-PtZii-7RkDEU0l/view"
"20230630 - InTouch - Hobbs.pdf","https://drive.google.com/file/d/169rTzh89DmWOP9ORn6jHdWrg14paAPIZ/view"
"20230721 - InTouch - Hobbs.pdf","https://drive.google.com/file/d/15-TvZ2nS2nxR8Nw845Cpm-0pmqXR2ETO/view"
"20240112 JS Print Group - Earth Rider - Invoice_18969_from_JS_Print_Group_Inc.pdf","https://drive.google.com/file/d/1sjfgsoY5HK5G97J-f-ve3_3DGNeUfTiF/view"
"20231123 JS Print Group - Earth Rider - Invoice_18545_from_JS_Print_Group_Inc.pdf","https://drive.google.com/file/d/133zWlm-0arfVx5kTED9p7M84zKiCf1Se/view"
"20231231 JS Print Group - Earth Rider - Invoice_18813_from_JS_Print_Group_Inc.pdf","https://drive.google.com/file/d/1cIVfvsSDbOOSgG7NHwG-t7neVW42cLgQ/view"
"20240131 JS Print Group - Earth Rider - Invoice_19109_from_JS_Print_Group_Inc.pdf","https://drive.google.com/file/d/1z_v0ZOSxSAH6oP2i5Zha2CjS2wsDgaUQ/view"
"20231130 JS Print Group - Earth Rider - Invoice_18649_from_JS_Print_Group_Inc.pdf","https://drive.google.com/file/d/1d6s8V8jO1BibTs_Uy1F-C56kyiXKC6Iy/view"
"20231205 JS Print Group - Earth Rider - Invoice_18692_from_JS_Print_Group_Inc.pdf","https://drive.google.com/file/d/1-PQ8XUH2XsIboizD1ZUxJm5GnhY2B9kp/view"
"20231012 Blue Label - Urban South.pdf","https://drive.google.com/file/d/14LeQ-O-SyQ4k4T3HnVT2Gdl2kxxdw7xj/view"
"20230830 - Royal Invoice (Infold Trays) - Bemidji.jpg","https://drive.google.com/file/d/14sgLAS_rmUldc72ewZd9ICTdY0IWmjKC/view"
"20230912 - Unikegs (Brick Packaging) - Barrel and Beam.pdf","https://drive.google.com/file/d/1xk5Xtv9Rf9I7R2-dWH1MQHB0PHCSvXQF/view"
"20240619 ZA Hops - Ore Dock.pdf","https://drive.google.com/file/d/17L5w5szyMNcSPyy8XfrtqMqNH_ylYv5f/view"
"20240619 Hop Alliance - Ore Docks Order #52050 confirmed.pdf","https://drive.google.com/file/d/1MNy5arxMY6OWFSpIeXZNiseSzpwoAMQ5/view"
"20240313 MI Local Hops - Ore Dock Invoice 1361.pdf","https://drive.google.com/file/d/1O3ejdmWneimllc632XY-2qXUl1J-Kf67/view"
"20240502 MI Local Hops - Ore Dock Invoice 1400.pdf","https://drive.google.com/file/d/1kPxKiaThTitAtkY-HPhSI9xyKn_xhBQZ/view"
"20240112 Hopsteiner - Ore Dock Sales Invoice 178973.pdf","https://drive.google.com/file/d/1X_4Q7JDKjRCXKMDvkuiYKQgr2neVZjQq/view"
"20240311 Yakima Chief Hops - Earth Rider.pdf","https://drive.google.com/file/d/1Ym7-TKcVLFFaAJwxQ2qPu923Mu2xjYuT/view"
"20230908 - MILocal Hops - Barrel and Beam.pdf","https://drive.google.com/file/d/1CfzKRlWGgnakQdZqCL66iRc2HDvd_e_Q/view"
"20240501 North Country Disposal Invoice 175573.pdf","https://drive.google.com/file/d/1f2nR9H7QB6texf1rKmXyIiSey9xtGnMO/view"
"20240216 North Country Disposal - Ore Dock Invoice 172311.pdf","https://drive.google.com/file/d/16ua736a7Px0t9_bu7wVEUlhX7fqTWCaq/view"
"20240401 North Country Disoposal - Ore Dock Invoice 174516.pdf","https://drive.google.com/file/d/1hG16nEZD3eiMwbDD8jK3fq1WWP2fGtac/view"
"20240316 North Country Disposal - Ore Docks Invoice 173226.pdf","https://drive.google.com/file/d/1r9TbeOT9bMd0Hx-Dd37XQ22nPMW1GXkr/view"
"20230825 - WasteFocus - Atlas.pdf","https://drive.google.com/file/d/1s_G4i3k3vn6rjjQo8jOiws7Fi_vMeP2S/view"
"20240604 WCP Solutions - East Brother WCP INV#13662954 for PO#1874.PDF","https://drive.google.com/file/d/1rWmvEYwiOBfgHTzEvSHw-o__HxFFAFkw/view"
"20240305 PakTech - Helltown.pdf","https://drive.google.com/file/d/1H83s8xHB9sk9DtqGYYK-AE1iN4IpRpFU/view"
"20231110 WCP Solutions - East Brother Paktechs and Can Trays.PDF","https://drive.google.com/file/d/1yt0BOMy6GoHbl4FCMNh1icXWwgR8qSlw/view"
"20231108 Paktech - Laquinta.pdf","https://drive.google.com/file/d/17S3MMEQHeriDG2zMMP6n6T9Y3Yg-kXuz/view"
"20230420 - Lindenmeyr - Hobbs.pdf","https://drive.google.com/file/d/1VBtp_wvBulKI4qDc16sj8Fs4YW3lojIn/view"
"20230127 - Lindenmeyr - Hobbs.pdf","https://drive.google.com/file/d/17LUivRIosfVnaa-eM2vbR61CZM2O610E/view"
"20230418 - Lindenmeyr Monroe - Zipline.pdf","https://drive.google.com/file/d/1mkfWJE_7FGHcFFiGg-yBD-lAFGO-jyg7/view"
"20240517 Green_Mountain_Tap_Handles_LLC - Hobbs.pdf","https://drive.google.com/file/d/1whg4Nh9FmA9cEbmdbg1Vgsh84haEan7x/view"
"20240522 Hoptown - East Brother Invoice 3988.pdf","https://drive.google.com/file/d/1gYV5X7Ek8EDNQ9coeu7OGYrEO3Dkaa3R/view"
"20220805 - Green Mountain - Hobbs.pdf","https://drive.google.com/file/d/1bCLGZ_8SYiQWxWJktwIcte7IMdnyhoP2/view"
"20230522 - Green Mountain - Hobbs.pdf","https://drive.google.com/file/d/1YxlCh8l_uhxDAxZGauvmhhcCSTJlBkcb/view"
"20220623 - Green Mountain - Hobbs.pdf","https://drive.google.com/file/d/1llJ7yEbx0aBeneEXRjKz3v-WxF9L-7et/view"
"20230801 - Green Mountian - Hobbs.pdf","https://drive.google.com/file/d/1u5PbAQ-_X7rpTfHRg5vEPYet5Zp7tl6W/view"
"20230901 Hoptown_Handles - East Brothers - Tap Handles.pdf","https://drive.google.com/file/d/1yh-9Pq3n-VCtZzh67eN_HVyt-TpWXX3g/view"
"20231102 Hoptown_Handles - East Brother - Tap Handles.pdf","https://drive.google.com/file/d/1RkL56tqFP29wqYX5SAXRBwHE43v6kCyn/view"
"20230717 - Steel City - Modist.pdf","https://drive.google.com/file/d/1i71DFdpFRuBDim1Yo2MUgpetsko9mfAf/view"
"20230905 - Consumer's Energy - One Well location 2.pdf","https://drive.google.com/file/d/1S6vLkF0CqJkts7hF1XP0hQt9WYcKIZ3L/view"
"20230723 Consumers Energy - One Well.pdf","https://drive.google.com/file/d/1qd6OEleDTxoVqAuUyQ625gT40rN240Zz/view"
"20230608 - EZUP Canopies - Workhorse-pre IBA program.pdf","https://drive.google.com/file/d/12FFJowJRI5471IurNANi-GHKopRXgl5x/view"
"20240524 Scott Laboratories - Ore Dock Sales Invoice SIV450110.pdf","https://drive.google.com/file/d/1JcqnnxJXGkpS7Iz_mmIi1Df4TF0ZwCv7/view"
"20240524 - BSI - Helltown Invoice-yeast.pdf","https://drive.google.com/file/d/11uTZD_EJfoX3g92p3MqQY1sDbfSY3P1v/view"
"20231019 - Berkeley Yeast - Workhorse.pdf","https://drive.google.com/file/d/1mQOcX4v3Movlky4Jt8WTHNVC30fEFGV7/view"
"20230607 White Labs - East Brother Yeast.pdf","https://drive.google.com/file/d/1rLw50q4VgcfRb-wo6cSx5Vs1mwKUKMRN/view"
"20240206 Scott Labarotories - Hobbs Brewing.pdf","https://drive.google.com/file/d/1ukTtPIiKxyPZtrBxwh9EGuFpvcM7fHFS/view"
"20230616 - Jasper Yeast - Workhorse.pdf","https://drive.google.com/file/d/1Tpg_CYDG101Jz6wNv11MT9PTU_rkpM3x/view"
"20230523 - Jasper Yeast-Workhorse.pdf","https://drive.google.com/file/d/13tGQb_IWDRHybeLVCpZ1e7U__Oe_z4vJ/view"
"20230513 - Jasper Yeast - Workhorse.pdf","https://drive.google.com/file/d/1by3M2PQLcSzBUTa2vt_IJsx-DvtT70N5/view"
"20230723 - Omega Yeast - Barrel and Beam.pdf","https://drive.google.com/file/d/1QJj7u2icO35iWkavlzNsyrf54oxcyc9H/view"