fileName,URL,label
20240104 BSG - East Brother Ingredients.pdf,https://storage.googleapis.com/mass-7e4f9.firebasestorage.app/00000001/BSG/20240104%20BSG%20-%20East%20Brother%20Ingredients.pdf,BSG
20240109 - BSG - Earth Rider _INV-0700948.pdf,https://storage.googleapis.com/mass-7e4f9.firebasestorage.app/00000001/BSG/20240109%20-%20BSG%20-%20Earth%20Rider%20_INV-0700948.pdf,BSG
20240109 BSG - East Brother Malt.pdf,https://storage.googleapis.com/mass-7e4f9.firebasestorage.app/00000001/BSG/20240109%20BSG%20-%20East%20Brother%20Malt.pdf,BSG
20240111 - BSG - Earth Rider _INV-0701654.pdf,https://storage.googleapis.com/mass-7e4f9.firebasestorage.app/00000001/BSG/20240111%20-%20BSG%20-%20Earth%20Rider%20_INV-0701654.pdf,BSG
20240117 BSG - East Brother - Oats.pdf,https://storage.googleapis.com/mass-7e4f9.firebasestorage.app/00000001/BSG/20240117%20BSG%20-%20East%20Brother%20-%20Oats.pdf,BSG
20240205 - BSG - Earth Rider _INV-0710060.pdf,https://storage.googleapis.com/mass-7e4f9.firebasestorage.app/00000001/BSG/20240205%20-%20BSG%20-%20Earth%20Rider%20_INV-0710060.pdf,BSG
20240205 BSG - La Quinta - Ingredients.pdf,https://storage.googleapis.com/mass-7e4f9.firebasestorage.app/00000001/BSG/20240205%20BSG%20-%20La%20Quinta%20-%20Ingredients.pdf,BSG
20240412 BSG - East Brother Invoice_INV-0735189.pdf,https://storage.googleapis.com/mass-7e4f9.firebasestorage.app/00000001/BSG/20240412%20BSG%20-%20East%20Brother%20Invoice_INV-0735189.pdf,BSG
20240327 - BSG - Earth Rider - Customer Invoice_INV-0729458.pdf,https://storage.googleapis.com/mass-7e4f9.firebasestorage.app/00000001/BSG/20240327%20-%20BSG%20-%20Earth%20Rider%20-%20Customer%20Invoice_INV-0729458.pdf,BSG
20240215 BSG - Earth Rider _INV-0714026.pdf,https://storage.googleapis.com/mass-7e4f9.firebasestorage.app/00000001/BSG/20240215%20BSG%20-%20Earth%20Rider%20_INV-0714026.pdf,BSG
20240415 BSG - East Brother Invoice_INV-0735702.pdf,https://storage.googleapis.com/mass-7e4f9.firebasestorage.app/00000001/BSG/20240415%20BSG%20-%20East%20Brother%20Invoice_INV-0735702.pdf,BSG
20240520 BSG- Helltown Sales confirmation - 2024-05-20T111729.434.pdf,https://storage.googleapis.com/mass-7e4f9.firebasestorage.app/00000001/BSG/20240520%20BSG-%20Helltown%20Sales%20confirmation%20-%202024-05-20T111729.434.pdf,BSG
20240522 BSG - Helltown Customer Invoice_INV-0749303-bsg.pdf,https://storage.googleapis.com/mass-7e4f9.firebasestorage.app/00000001/BSG/20240522%20BSG%20-%20Helltown%20Customer%20Invoice_INV-0749303-bsg.pdf,BSG
20240523 BSG - Hobbs INV-0749955.pdf,https://storage.googleapis.com/mass-7e4f9.firebasestorage.app/00000001/BSG/20240523%20BSG%20-%20Hobbs%20INV-0749955.pdf,BSG
20240531 BSG - Hobbs _INV-0752454.pdf,https://storage.googleapis.com/mass-7e4f9.firebasestorage.app/00000001/BSG/20240531%20BSG%20-%20Hobbs%20_INV-0752454.pdf,BSG
20240430 BSG - East Brother Invoice_INV-0740789.pdf,https://storage.googleapis.com/mass-7e4f9.firebasestorage.app/00000001/BSG/20240430%20BSG%20-%20East%20Brother%20Invoice_INV-0740789.pdf,BSG
20240731 - BSG - Customer Invoice_INV-0774515 - Hobbs.pdf,https://storage.googleapis.com/mass-7e4f9.firebasestorage.app/00000001/BSG/20240731%20-%20BSG%20-%20Customer%20Invoice_INV-0774515%20-%20Hobbs.pdf,BSG
20240320 S&S Activewear - Ore Dock Invoice 72461733.pdf,https://storage.googleapis.com/mass-7e4f9.firebasestorage.app/00000001/Apparel/20240320%20S&S%20Activewear%20-%20Ore%20Dock%20Invoice%2072461733.pdf,Apparel
20240304 All About Graphics - Helltown.pdf,https://storage.googleapis.com/mass-7e4f9.firebasestorage.app/00000001/Apparel/20240304%20All%20About%20Graphics%20-%20Helltown.pdf,Apparel
20240321 S&S Activewear - Ore Dock Invoice 72461744.pdf,https://storage.googleapis.com/mass-7e4f9.firebasestorage.app/00000001/Apparel/20240321%20S&S%20Activewear%20-%20Ore%20Dock%20Invoice%2072461744.pdf,Apparel
20240416 Mad Cow Screen Print - Hobbs.pdf,https://storage.googleapis.com/mass-7e4f9.firebasestorage.app/00000001/Apparel/20240416%20Mad%20Cow%20Screen%20Print%20-%20Hobbs.pdf,Apparel
20240425 Mad Cow Screen Print - Hobbs - 2.pdf,https://storage.googleapis.com/mass-7e4f9.firebasestorage.app/00000001/Apparel/20240425%20Mad%20Cow%20Screen%20Print%20-%20Hobbs%20-%202.pdf,Apparel
20240425 Mad Cow Screen Print - Hobbs.pdf,https://storage.googleapis.com/mass-7e4f9.firebasestorage.app/00000001/Apparel/20240425%20Mad%20Cow%20Screen%20Print%20-%20Hobbs.pdf,Apparel
20240502 L2 Brands - Hobbs apparel.pdf,https://storage.googleapis.com/mass-7e4f9.firebasestorage.app/00000001/Apparel/20240502%20L2%20Brands%20-%20Hobbs%20apparel.pdf,Apparel
20240502 L2 Brands - Hobbs  IN24127344 Apparel.pdf,https://storage.googleapis.com/mass-7e4f9.firebasestorage.app/00000001/Apparel/20240502%20L2%20Brands%20-%20Hobbs%20%20IN24127344%20Apparel.pdf,Apparel
20240501 L2 Brands - Hobbs IN24125623.pdf,https://storage.googleapis.com/mass-7e4f9.firebasestorage.app/00000001/Apparel/20240501%20L2%20Brands%20-%20Hobbs%20IN24125623.pdf,Apparel
20240509 L2 Brands - Hobbs IN24135501 Apparel.pdf,https://storage.googleapis.com/mass-7e4f9.firebasestorage.app/00000001/Apparel/20240509%20L2%20Brands%20-%20Hobbs%20IN24135501%20Apparel.pdf,Apparel
20240517 Mad Cow Screen Print - Hobbs zip up.pdf,https://storage.googleapis.com/mass-7e4f9.firebasestorage.app/00000001/Apparel/20240517%20Mad%20Cow%20Screen%20Print%20-%20Hobbs%20zip%20up.pdf,Apparel
"20240610 - L2Brands, LLC IN24169044 - Hobbs.pdf","https://storage.googleapis.com/mass-7e4f9.firebasestorage.app/00000001/Apparel/20240610%20-%20L2Brands,%20LLC%20IN24169044%20-%20Hobbs.pdf",Apparel
20240702 - Mad Cow Screen Print - Hobbs brewing.pdf,https://storage.googleapis.com/mass-7e4f9.firebasestorage.app/00000001/Apparel/20240702%20-%20Mad%20Cow%20Screen%20Print%20-%20Hobbs%20brewing.pdf,Apparel
20240708 - Mad Cow Screen Print - lake life - Hobbs.pdf,https://storage.googleapis.com/mass-7e4f9.firebasestorage.app/00000001/Apparel/20240708%20-%20Mad%20Cow%20Screen%20Print%20-%20lake%20life%20-%20Hobbs.pdf,Apparel
20240520 All About Graphics - Helltown Inv00003725-merch.pdf,https://storage.googleapis.com/mass-7e4f9.firebasestorage.app/00000001/Apparel/20240520%20All%20About%20Graphics%20-%20Helltown%20Inv00003725-merch.pdf,Apparel
"20240712 - L2Brands, LLC IN24203384 - Hobbs.pdf","https://storage.googleapis.com/mass-7e4f9.firebasestorage.app/00000001/Apparel/20240712%20-%20L2Brands,%20LLC%20IN24203384%20-%20Hobbs.pdf",Apparel
"20240712 - L2Brands, LLC IN24203451 - Hobbs.pdf","https://storage.googleapis.com/mass-7e4f9.firebasestorage.app/00000001/Apparel/20240712%20-%20L2Brands,%20LLC%20IN24203451%20-%20Hobbs.pdf",Apparel
"20240718 - L2Brands, LLC IN24209423 - Hobbs.pdf","https://storage.googleapis.com/mass-7e4f9.firebasestorage.app/00000001/Apparel/20240718%20-%20L2Brands,%20LLC%20IN24209423%20-%20Hobbs.pdf",Apparel
"20240718 L2Brands, LLC IN24209423 - Hobbs.pdf","https://storage.googleapis.com/mass-7e4f9.firebasestorage.app/00000001/Apparel/20240718%20L2Brands,%20LLC%20IN24209423%20-%20Hobbs.pdf",Apparel
"20240712 - L2Brands, LLC IN24203743 - Hobbs.pdf","https://storage.googleapis.com/mass-7e4f9.firebasestorage.app/00000001/Apparel/20240712%20-%20L2Brands,%20LLC%20IN24203743%20-%20Hobbs.pdf",Apparel
"20240729 - L2Brands, LLC IN24220180 - Hobbs.pdf","https://storage.googleapis.com/mass-7e4f9.firebasestorage.app/00000001/Apparel/20240729%20-%20L2Brands,%20LLC%20IN24220180%20-%20Hobbs.pdf",Apparel
"20240812 - L2Brands, LLC IN24236019 - Hobbs.pdf","https://storage.googleapis.com/mass-7e4f9.firebasestorage.app/00000001/Apparel/20240812%20-%20L2Brands,%20LLC%20IN24236019%20-%20Hobbs.pdf",Apparel
20240209 Berlin - Urban South - 16-0254848 -.pdf,https://storage.googleapis.com/mass-7e4f9.firebasestorage.app/00000001/Can%20Ends/20240209%20Berlin%20-%20Urban%20South%20-%2016-0254848%20-.pdf,Can Ends
20240628 Vessel - Wild State.pdf,https://storage.googleapis.com/mass-7e4f9.firebasestorage.app/00000001/Can%20Ends/20240628%20Vessel%20-%20Wild%20State.pdf,Can Ends
20240216 Quad - Urban South.pdf,https://storage.googleapis.com/mass-7e4f9.firebasestorage.app/00000001/Can%20Carriers/20240216%20Quad%20-%20Urban%20South.pdf,Can Carriers
20240403 Belmark - Helltown.pdf,https://storage.googleapis.com/mass-7e4f9.firebasestorage.app/00000001/Can%20Carriers/20240403%20Belmark%20-%20Helltown.pdf,Can Carriers
20240430 Sterling - Barrio 12 pk can carriers.pdf,https://storage.googleapis.com/mass-7e4f9.firebasestorage.app/00000001/Can%20Carriers/20240430%20Sterling%20-%20Barrio%2012%20pk%20can%20carriers.pdf,Can Carriers
20240604 Belmark - Helltown invoices20240604-15pack.pdf,https://storage.googleapis.com/mass-7e4f9.firebasestorage.app/00000001/Can%20Carriers/20240604%20Belmark%20-%20Helltown%20invoices20240604-15pack.pdf,Can Carriers
20230608 - EZUP Canopies - Workhorse-pre IBA program.pdf,https://storage.googleapis.com/mass-7e4f9.firebasestorage.app/00000001/Canopies/20230608%20-%20EZUP%20Canopies%20-%20Workhorse-pre%20IBA%20program.pdf,Canopies
20240104 Zion Packaing - La Quinta - Digitally Printed Cans.pdf,https://storage.googleapis.com/mass-7e4f9.firebasestorage.app/00000001/Cans%20(Digitally%20Printed)/20240104%20Zion%20Packaing%20-%20La%20Quinta%20-%20Digitally%20Printed%20Cans.pdf,Cans (Digitally Printed)
20231110 WCP Solutions - East Brother Paktechs and Can Trays.PDF,https://storage.googleapis.com/mass-7e4f9.firebasestorage.app/00000001/Can%20Trays%20-%20Standard/20231110%20WCP%20Solutions%20-%20East%20Brother%20Paktechs%20and%20Can%20Trays.PDF,Can Trays - Standard
20231223 Atlas Labels & Packaging - Laquinta - Can Trays.pdf,https://storage.googleapis.com/mass-7e4f9.firebasestorage.app/00000001/Can%20Trays%20-%20Standard/20231223%20Atlas%20Labels%20&%20Packaging%20-%20Laquinta%20-%20Can%20Trays.pdf,Can Trays - Standard
20240117 PCA - Urban South Inv10032329.pdf,https://storage.googleapis.com/mass-7e4f9.firebasestorage.app/00000001/Can%20Trays%20-%20Standard/20240117%20PCA%20-%20Urban%20South%20Inv10032329.pdf,Can Trays - Standard
20240228 Pratt - ORE_DOCK_BREWING_CO_LLC_INVOICE_502529571_PLANT_Grand_Rapids.pdf,https://storage.googleapis.com/mass-7e4f9.firebasestorage.app/00000001/Can%20Trays%20-%20Standard/20240228%20Pratt%20-%20ORE_DOCK_BREWING_CO_LLC_INVOICE_502529571_PLANT_Grand_Rapids.pdf,Can Trays - Standard
20240710 Pratt Corrugated - Wild State.pdf,https://storage.googleapis.com/mass-7e4f9.firebasestorage.app/00000001/Can%20Trays%20-%20Standard/20240710%20Pratt%20Corrugated%20-%20Wild%20State.pdf,Can Trays - Standard
20240604 WCP Solutions - East Brother WCP INV#13662954 for PO#1874.PDF,https://storage.googleapis.com/mass-7e4f9.firebasestorage.app/00000001/Can%20Trays%20-%20Standard/20240604%20WCP%20Solutions%20-%20East%20Brother%20WCP%20INV#13662954%20for%20PO#1874.PDF,Can Trays - Standard
20230504 Wildpack - East Brother RIS Invoice_INV-30508837.pdf,https://storage.googleapis.com/mass-7e4f9.firebasestorage.app/00000001/Cans%20(Sleeved)/20230504%20Wildpack%20-%20East%20Brother%20RIS%20Invoice_INV-30508837.pdf,Cans (Sleeved)
20230718 Wildpack - East Brother Blonde 6 pallets + 19.2 cans Invoice_INV-30510127.pdf,https://storage.googleapis.com/mass-7e4f9.firebasestorage.app/00000001/Cans%20(Sleeved)/20230718%20Wildpack%20-%20East%20Brother%20Blonde%206%20pallets%20+%2019.2%20cans%20Invoice_INV-30510127.pdf,Cans (Sleeved)
20230807 Wildpack - East Brother Pub Ale INV-30510463.pdf,https://storage.googleapis.com/mass-7e4f9.firebasestorage.app/00000001/Cans%20(Sleeved)/20230807%20Wildpack%20-%20East%20Brother%20Pub%20Ale%20INV-30510463.pdf,Cans (Sleeved)
20230914 Wildpack - East Brother Baltic Porter INV-30511110.pdf,https://storage.googleapis.com/mass-7e4f9.firebasestorage.app/00000001/Cans%20(Sleeved)/20230914%20Wildpack%20-%20East%20Brother%20Baltic%20Porter%20INV-30511110.pdf,Cans (Sleeved)
20231109 Wildpack - East Brother Taproom Series Invoice_INV-30512421.pdf,https://storage.googleapis.com/mass-7e4f9.firebasestorage.app/00000001/Cans%20(Sleeved)/20231109%20Wildpack%20-%20East%20Brother%20Taproom%20Series%20Invoice_INV-30512421.pdf,Cans (Sleeved)
20231117 Zion Packaging - La Quinta Sleeved Cans.pdf,https://storage.googleapis.com/mass-7e4f9.firebasestorage.app/00000001/Cans%20(Sleeved)/20231117%20Zion%20Packaging%20-%20La%20Quinta%20Sleeved%20Cans.pdf,Cans (Sleeved)
20240322 Wildpack - East Bother.pdf,https://storage.googleapis.com/mass-7e4f9.firebasestorage.app/00000001/Cans%20(Sleeved)/20240322%20Wildpack%20-%20East%20Bother.pdf,Cans (Sleeved)
20240410 Wildpack - East Brother.pdf,https://storage.googleapis.com/mass-7e4f9.firebasestorage.app/00000001/Cans%20(Sleeved)/20240410%20Wildpack%20-%20East%20Brother.pdf,Cans (Sleeved)
20230807 - Berlin - Lakefront.PDF,https://storage.googleapis.com/mass-7e4f9.firebasestorage.app/00000001/Cans%20-%20Printed%20/20230807%20-%20Berlin%20-%20Lakefront.PDF,Cans - Printed 
20230828 - ZH-Urban South.pdf,https://storage.googleapis.com/mass-7e4f9.firebasestorage.app/00000001/Cans%20-%20Printed%20/20230828%20-%20ZH-Urban%20South.pdf,Cans - Printed 
20240125 Urban South - ZH CU041219_Sales order invoice_2024-01-25T155009.pdf,https://storage.googleapis.com/mass-7e4f9.firebasestorage.app/00000001/Cans%20-%20Printed%20/20240125%20Urban%20South%20-%20ZH%20CU041219_Sales%20order%20invoice_2024-01-25T155009.pdf,Cans - Printed 
20240705 Vessel - Wild State.pdf,https://storage.googleapis.com/mass-7e4f9.firebasestorage.app/00000001/Cans%20-%20Printed%20/20240705%20Vessel%20-%20Wild%20State.pdf,Cans - Printed 
20240717 Vessel - Wild State.pdf,https://storage.googleapis.com/mass-7e4f9.firebasestorage.app/00000001/Cans%20-%20Printed%20/20240717%20Vessel%20-%20Wild%20State.pdf,Cans - Printed 
20240719 Vessel - Wild State.pdf,https://storage.googleapis.com/mass-7e4f9.firebasestorage.app/00000001/Cans%20-%20Printed%20/20240719%20Vessel%20-%20Wild%20State.pdf,Cans - Printed 
ZHSOTermsConditions - ZH - Urban South.PDF,https://storage.googleapis.com/mass-7e4f9.firebasestorage.app/00000001/Cans%20-%20Printed%20/ZHSOTermsConditions%20-%20ZH%20-%20Urban%20South.PDF,Cans - Printed 
20240222 Briess - Ore Dock Sales Invoice SI021810.pdf,https://storage.googleapis.com/mass-7e4f9.firebasestorage.app/00000001/Briess/20240222%20Briess%20-%20Ore%20Dock%20Sales%20Invoice%20SI021810.pdf,Briess
20240301 Briess - Ore Dock Sales Invoice SI022067.pdf,https://storage.googleapis.com/mass-7e4f9.firebasestorage.app/00000001/Briess/20240301%20Briess%20-%20Ore%20Dock%20Sales%20Invoice%20SI022067.pdf,Briess
20240318 Briess - Ore Dock Sales Invoice SI022585.pdf,https://storage.googleapis.com/mass-7e4f9.firebasestorage.app/00000001/Briess/20240318%20Briess%20-%20Ore%20Dock%20Sales%20Invoice%20SI022585.pdf,Briess
20240325 - Briess Sales - Earth Rider Invoice SI022861.pdf,https://storage.googleapis.com/mass-7e4f9.firebasestorage.app/00000001/Briess/20240325%20-%20Briess%20Sales%20-%20Earth%20Rider%20Invoice%20SI022861.pdf,Briess
20240326 Briess - Ore Dock Sales Invoice SI022919.pdf,https://storage.googleapis.com/mass-7e4f9.firebasestorage.app/00000001/Briess/20240326%20Briess%20-%20Ore%20Dock%20Sales%20Invoice%20SI022919.pdf,Briess
20240418 Briess - Ore Dock Sales Invoice SI023741.pdf,https://storage.googleapis.com/mass-7e4f9.firebasestorage.app/00000001/Briess/20240418%20Briess%20-%20Ore%20Dock%20Sales%20Invoice%20SI023741.pdf,Briess
20240501 Briess - Ore Dock Sales Invoice SI024185.pdf,https://storage.googleapis.com/mass-7e4f9.firebasestorage.app/00000001/Briess/20240501%20Briess%20-%20Ore%20Dock%20Sales%20Invoice%20SI024185.pdf,Briess
20240508 Briess - Ore Dock Sales Invoice SI024421.pdf,https://storage.googleapis.com/mass-7e4f9.firebasestorage.app/00000001/Briess/20240508%20Briess%20-%20Ore%20Dock%20Sales%20Invoice%20SI024421.pdf,Briess
20240520 Briess - Ore Dock Sales Invoice SI024792.pdf,https://storage.googleapis.com/mass-7e4f9.firebasestorage.app/00000001/Briess/20240520%20Briess%20-%20Ore%20Dock%20Sales%20Invoice%20SI024792.pdf,Briess
20240605 Briess - Ore Dock Sales Invoice SI025323.pdf,https://storage.googleapis.com/mass-7e4f9.firebasestorage.app/00000001/Briess/20240605%20Briess%20-%20Ore%20Dock%20Sales%20Invoice%20SI025323.pdf,Briess
20240529 Briess - Ore Dock Sales Invoice SI025077.pdf,https://storage.googleapis.com/mass-7e4f9.firebasestorage.app/00000001/Briess/20240529%20Briess%20-%20Ore%20Dock%20Sales%20Invoice%20SI025077.pdf,Briess
20240605 Briess - Ore Docks Sales Invoice SI025322.pdf,https://storage.googleapis.com/mass-7e4f9.firebasestorage.app/00000001/Briess/20240605%20Briess%20-%20Ore%20Docks%20Sales%20Invoice%20SI025322.pdf,Briess
20240610 Briess - Ore Dock Sales Invoice SI025435.pdf,https://storage.googleapis.com/mass-7e4f9.firebasestorage.app/00000001/Briess/20240610%20Briess%20-%20Ore%20Dock%20Sales%20Invoice%20SI025435.pdf,Briess
20240514 Briess - Ore Dock Sales Invoice SI024608.pdf,https://storage.googleapis.com/mass-7e4f9.firebasestorage.app/00000001/Briess/20240514%20Briess%20-%20Ore%20Dock%20Sales%20Invoice%20SI024608.pdf,Briess
20231213 Chemco - East Brother Chemicals.pdf,https://storage.googleapis.com/mass-7e4f9.firebasestorage.app/00000001/Chemicals/20231213%20Chemco%20-%20East%20Brother%20Chemicals.pdf,Chemicals
20240108 Chemco - East Brother - Chemicals.pdf,https://storage.googleapis.com/mass-7e4f9.firebasestorage.app/00000001/Chemicals/20240108%20Chemco%20-%20East%20Brother%20-%20Chemicals.pdf,Chemicals
20240119 Hawkins - Bauhaus.pdf,https://storage.googleapis.com/mass-7e4f9.firebasestorage.app/00000001/Chemicals/20240119%20Hawkins%20-%20Bauhaus.pdf,Chemicals
20240126 Hawkins - Bauhaus.pdf,https://storage.googleapis.com/mass-7e4f9.firebasestorage.app/00000001/Chemicals/20240126%20Hawkins%20-%20Bauhaus.pdf,Chemicals
20240124 Chemco - East Brother - Chemicals.pdf,https://storage.googleapis.com/mass-7e4f9.firebasestorage.app/00000001/Chemicals/20240124%20Chemco%20-%20East%20Brother%20-%20Chemicals.pdf,Chemicals
20240205 ChemStation Bauhaus.pdf,https://storage.googleapis.com/mass-7e4f9.firebasestorage.app/00000001/Chemicals/20240205%20ChemStation%20Bauhaus.pdf,Chemicals
20240207 Hawkins - Bauhaus.pdf,https://storage.googleapis.com/mass-7e4f9.firebasestorage.app/00000001/Chemicals/20240207%20Hawkins%20-%20Bauhaus.pdf,Chemicals
20240216 - Ace Chemical - Earth Rider - 20240219_Chemi^ll.pdf,https://storage.googleapis.com/mass-7e4f9.firebasestorage.app/00000001/Chemicals/20240216%20-%20Ace%20Chemical%20-%20Earth%20Rider%20-%2020240219_Chemi%5Ell.pdf,Chemicals
20240224 - Madison Chemical - Bemidji.pdf,https://storage.googleapis.com/mass-7e4f9.firebasestorage.app/00000001/Chemicals/20240224%20-%20Madison%20Chemical%20-%20Bemidji.pdf,Chemicals
20240312 Hawkins - Bauhaus.pdf,https://storage.googleapis.com/mass-7e4f9.firebasestorage.app/00000001/Chemicals/20240312%20Hawkins%20-%20Bauhaus.pdf,Chemicals
20240327 Chemco - East Brother - IN-220686-2024-0327-14535662.pdf,https://storage.googleapis.com/mass-7e4f9.firebasestorage.app/00000001/Chemicals/20240327%20Chemco%20-%20East%20Brother%20-%20IN-220686-2024-0327-14535662.pdf,Chemicals
20240328 Chemco - East Brother IN-220779-2024-0328-153739197.pdf,https://storage.googleapis.com/mass-7e4f9.firebasestorage.app/00000001/Chemicals/20240328%20Chemco%20-%20East%20Brother%20IN-220779-2024-0328-153739197.pdf,Chemicals
20240428 Oxxion - Ursa Minor Brewing.pdf,https://storage.googleapis.com/mass-7e4f9.firebasestorage.app/00000001/Chemicals/20240428%20Oxxion%20-%20Ursa%20Minor%20Brewing.pdf,Chemicals
20240523 Clean Edge - Helltown - Invoice_INV_2024_03572-chemicals.pdf,https://storage.googleapis.com/mass-7e4f9.firebasestorage.app/00000001/Chemicals/20240523%20Clean%20Edge%20-%20Helltown%20-%20Invoice_INV_2024_03572-chemicals.pdf,Chemicals
20240116 CMG - East Brother Malt.pdf,https://storage.googleapis.com/mass-7e4f9.firebasestorage.app/00000001/CMG/20240116%20CMG%20-%20East%20Brother%20Malt.pdf,CMG
20240116(2) CMG - East Brother Malt.pdf,https://storage.googleapis.com/mass-7e4f9.firebasestorage.app/00000001/CMG/20240116(2)%20CMG%20-%20East%20Brother%20Malt.pdf,CMG
20240125 CMG - East Brother Malt.pdf,https://storage.googleapis.com/mass-7e4f9.firebasestorage.app/00000001/CMG/20240125%20CMG%20-%20East%20Brother%20Malt.pdf,CMG
20240301 Country Malt Group - Helltown.pdf,https://storage.googleapis.com/mass-7e4f9.firebasestorage.app/00000001/CMG/20240301%20Country%20Malt%20Group%20-%20Helltown.pdf,CMG
20240321 Country Malt Group - Helltown.pdf,https://storage.googleapis.com/mass-7e4f9.firebasestorage.app/00000001/CMG/20240321%20Country%20Malt%20Group%20-%20Helltown.pdf,CMG
20240401 Country Malt Group - Helltown.pdf,https://storage.googleapis.com/mass-7e4f9.firebasestorage.app/00000001/CMG/20240401%20Country%20Malt%20Group%20-%20Helltown.pdf,CMG
20240412 CMG - East Brother invoice USINV000181776.pdf,https://storage.googleapis.com/mass-7e4f9.firebasestorage.app/00000001/CMG/20240412%20CMG%20-%20East%20Brother%20invoice%20USINV000181776.pdf,CMG
20240422 Country Malt Group - Urban South.pdf,https://storage.googleapis.com/mass-7e4f9.firebasestorage.app/00000001/CMG/20240422%20Country%20Malt%20Group%20-%20Urban%20South.pdf,CMG
20240425 CMG - East Brother invoice USINV000184452.pdf,https://storage.googleapis.com/mass-7e4f9.firebasestorage.app/00000001/CMG/20240425%20CMG%20-%20East%20Brother%20invoice%20USINV000184452.pdf,CMG
20240429 CMG - Esat Brother invoice USINV000184936.pdf,https://storage.googleapis.com/mass-7e4f9.firebasestorage.app/00000001/CMG/20240429%20CMG%20-%20Esat%20Brother%20invoice%20USINV000184936.pdf,CMG
20240503 CMG - Hobbs invoice USINV000186126.pdf,https://storage.googleapis.com/mass-7e4f9.firebasestorage.app/00000001/CMG/20240503%20CMG%20-%20Hobbs%20invoice%20USINV000186126.pdf,CMG
20240509 CMG - Hobbs invoice USINV000187142.pdf,https://storage.googleapis.com/mass-7e4f9.firebasestorage.app/00000001/CMG/20240509%20CMG%20-%20Hobbs%20invoice%20USINV000187142.pdf,CMG
20240515 CMG - Hobbs invoice USINV000188330.pdf,https://storage.googleapis.com/mass-7e4f9.firebasestorage.app/00000001/CMG/20240515%20CMG%20-%20Hobbs%20invoice%20USINV000188330.pdf,CMG
20240521 CMG - Hobbs invoice USINV000189298.pdf,https://storage.googleapis.com/mass-7e4f9.firebasestorage.app/00000001/CMG/20240521%20CMG%20-%20Hobbs%20invoice%20USINV000189298.pdf,CMG
20240523 CMG - Hobbs invoice USINV000189844.pdf,https://storage.googleapis.com/mass-7e4f9.firebasestorage.app/00000001/CMG/20240523%20CMG%20-%20Hobbs%20invoice%20USINV000189844.pdf,CMG
20240531 CMG - Hobbs invoice USINV000191459.pdf,https://storage.googleapis.com/mass-7e4f9.firebasestorage.app/00000001/CMG/20240531%20CMG%20-%20Hobbs%20invoice%20USINV000191459.pdf,CMG
20240605 CMG - Helltown - Sales order confirmation USS100409872.pdf,https://storage.googleapis.com/mass-7e4f9.firebasestorage.app/00000001/CMG/20240605%20CMG%20-%20Helltown%20-%20Sales%20order%20confirmation%20USS100409872.pdf,CMG
20240606 CMG invoice USINV000192537 - Hobbs.pdf,https://storage.googleapis.com/mass-7e4f9.firebasestorage.app/00000001/CMG/20240606%20CMG%20invoice%20USINV000192537%20-%20Hobbs.pdf,CMG
20240611 CMG invoice USINV000193265 - Hobbs.pdf,https://storage.googleapis.com/mass-7e4f9.firebasestorage.app/00000001/CMG/20240611%20CMG%20invoice%20USINV000193265%20-%20Hobbs.pdf,CMG
20240613 CMG invoice USINV000193919 - Hobbs.pdf,https://storage.googleapis.com/mass-7e4f9.firebasestorage.app/00000001/CMG/20240613%20CMG%20invoice%20USINV000193919%20-%20Hobbs.pdf,CMG
20240627 CMG invoice USINV000196566 - Hobbs.pdf,https://storage.googleapis.com/mass-7e4f9.firebasestorage.app/00000001/CMG/20240627%20CMG%20invoice%20USINV000196566%20-%20Hobbs.pdf,CMG
20240708 CMG invoice USINV000197975 - Hobbs.pdf,https://storage.googleapis.com/mass-7e4f9.firebasestorage.app/00000001/CMG/20240708%20CMG%20invoice%20USINV000197975%20-%20Hobbs.pdf,CMG
20240715 CMG invoice USINV000199247 - Hobbs.pdf,https://storage.googleapis.com/mass-7e4f9.firebasestorage.app/00000001/CMG/20240715%20CMG%20invoice%20USINV000199247%20-%20Hobbs.pdf,CMG
20240718 CMG invoice USINV000200184 - Hobbs.pdf,https://storage.googleapis.com/mass-7e4f9.firebasestorage.app/00000001/CMG/20240718%20CMG%20invoice%20USINV000200184%20-%20Hobbs.pdf,CMG
20240719 CMG invoice USINV000200266 - Hobbs.pdf,https://storage.googleapis.com/mass-7e4f9.firebasestorage.app/00000001/CMG/20240719%20CMG%20invoice%20USINV000200266%20-%20Hobbs.pdf,CMG
20240729 CMG invoice USINV000201864 - Hobbs.pdf,https://storage.googleapis.com/mass-7e4f9.firebasestorage.app/00000001/CMG/20240729%20CMG%20invoice%20USINV000201864%20-%20Hobbs.pdf,CMG
20240730 CMG invoice USINV000202125 - Hobbs.pdf,https://storage.googleapis.com/mass-7e4f9.firebasestorage.app/00000001/CMG/20240730%20CMG%20invoice%20USINV000202125%20-%20Hobbs.pdf,CMG
20240802 - CMG invoice USINV000202768 - Hobbs.pdf,https://storage.googleapis.com/mass-7e4f9.firebasestorage.app/00000001/CMG/20240802%20-%20CMG%20invoice%20USINV000202768%20-%20Hobbs.pdf,CMG
20240814 - CMG invoice USINV000204880 - Hobbs.pdf,https://storage.googleapis.com/mass-7e4f9.firebasestorage.app/00000001/CMG/20240814%20-%20CMG%20invoice%20USINV000204880%20-%20Hobbs.pdf,CMG
20240823 - CMG invoice USINV000206422 - Hobbs.pdf,https://storage.googleapis.com/mass-7e4f9.firebasestorage.app/00000001/CMG/20240823%20-%20CMG%20invoice%20USINV000206422%20-%20Hobbs.pdf,CMG
20240830 - CMG invoice USINV000207668 - Hobbs.pdf,https://storage.googleapis.com/mass-7e4f9.firebasestorage.app/00000001/CMG/20240830%20-%20CMG%20invoice%20USINV000207668%20-%20Hobbs.pdf,CMG
20231207 Full Color Coasters - Masthead.pdf,https://storage.googleapis.com/mass-7e4f9.firebasestorage.app/00000001/Coasters/20231207%20Full%20Color%20Coasters%20-%20Masthead.pdf,Coasters
20240531 Full Color Coaster - East Brother inv31096.pdf,https://storage.googleapis.com/mass-7e4f9.firebasestorage.app/00000001/Coasters/20240531%20Full%20Color%20Coaster%20-%20East%20Brother%20inv31096.pdf,Coasters
20240606 Full  Color Coasters - East Brother inv30968.pdf,https://storage.googleapis.com/mass-7e4f9.firebasestorage.app/00000001/Coasters/20240606%20Full%20%20Color%20Coasters%20-%20East%20Brother%20inv30968.pdf,Coasters
20240102 Carbonic Service - East Brother Co2.pdf,https://storage.googleapis.com/mass-7e4f9.firebasestorage.app/00000001/CO2/20240102%20Carbonic%20Service%20-%20East%20Brother%20Co2.pdf,CO2
20240108 Carbonic Service - East Brother - CO2.pdf,https://storage.googleapis.com/mass-7e4f9.firebasestorage.app/00000001/CO2/20240108%20Carbonic%20Service%20-%20East%20Brother%20-%20CO2.pdf,CO2
20240115 Carbonic Service - East Brother CO2.pdf,https://storage.googleapis.com/mass-7e4f9.firebasestorage.app/00000001/CO2/20240115%20Carbonic%20Service%20-%20East%20Brother%20CO2.pdf,CO2
20240205 Urban South - Air Products Invoice 0426758340.pdf,https://storage.googleapis.com/mass-7e4f9.firebasestorage.app/00000001/CO2/20240205%20Urban%20South%20-%20Air%20Products%20Invoice%200426758340.pdf,CO2
20240312 American Wedling and Gas - Ore Dock Invoice 0009972308.pdf,https://storage.googleapis.com/mass-7e4f9.firebasestorage.app/00000001/CO2/20240312%20American%20Wedling%20and%20Gas%20-%20Ore%20Dock%20Invoice%200009972308.pdf,CO2
20240331 American Welding and Gas - Ore Dock Invoice 0010019069.pdf,https://storage.googleapis.com/mass-7e4f9.firebasestorage.app/00000001/CO2/20240331%20American%20Welding%20and%20Gas%20-%20Ore%20Dock%20Invoice%200010019069.pdf,CO2
20240402 American Welding and Gas - Ore Dock Invoice 0010025709.pdf,https://storage.googleapis.com/mass-7e4f9.firebasestorage.app/00000001/CO2/20240402%20American%20Welding%20and%20Gas%20-%20Ore%20Dock%20Invoice%200010025709.pdf,CO2
20240416 American Welding and Gas - Ore Dock Invoice 0010045627.pdf,https://storage.googleapis.com/mass-7e4f9.firebasestorage.app/00000001/CO2/20240416%20American%20Welding%20and%20Gas%20-%20Ore%20Dock%20Invoice%200010045627.pdf,CO2
20240422 Carbonic - East Brother Inv_579290_from_CARBONIC_SERVICE_INC_8055958_9572.pdf,https://storage.googleapis.com/mass-7e4f9.firebasestorage.app/00000001/CO2/20240422%20Carbonic%20-%20East%20Brother%20Inv_579290_from_CARBONIC_SERVICE_INC_8055958_9572.pdf,CO2
20240430 American Welding and Gas - Ore Dock Invoice 0010087728.pdf,https://storage.googleapis.com/mass-7e4f9.firebasestorage.app/00000001/CO2/20240430%20American%20Welding%20and%20Gas%20-%20Ore%20Dock%20Invoice%200010087728.pdf,CO2
20240430 Carbonic - East Brother Inv_582028_from_CARBONIC_SERVICE_INC_8071913_15672.pdf,https://storage.googleapis.com/mass-7e4f9.firebasestorage.app/00000001/CO2/20240430%20Carbonic%20-%20East%20Brother%20Inv_582028_from_CARBONIC_SERVICE_INC_8071913_15672.pdf,CO2
20240506 American Welding and Gas - Ore Dock Invoice 0010098313.pdf,https://storage.googleapis.com/mass-7e4f9.firebasestorage.app/00000001/CO2/20240506%20American%20Welding%20and%20Gas%20-%20Ore%20Dock%20Invoice%200010098313.pdf,CO2
20240513 American Welding and Gas - Ore Dock - Invoice 0010108158.pdf,https://storage.googleapis.com/mass-7e4f9.firebasestorage.app/00000001/CO2/20240513%20American%20Welding%20and%20Gas%20-%20Ore%20Dock%20-%20Invoice%200010108158.pdf,CO2
20230723 Consumers Energy - One Well.pdf,https://storage.googleapis.com/mass-7e4f9.firebasestorage.app/00000001/Energy/20230723%20Consumers%20Energy%20-%20One%20Well.pdf,Energy
20230905 - Consumer's Energy - One Well location 2.pdf,https://storage.googleapis.com/mass-7e4f9.firebasestorage.app/00000001/Energy/20230905%20-%20Consumer's%20Energy%20-%20One%20Well%20location%202.pdf,Energy
20210604 - ZH - Hobbs (2).pdf,https://storage.googleapis.com/mass-7e4f9.firebasestorage.app/00000001/Cans%20-%20Brite%20LTL/20210604%20-%20ZH%20-%20Hobbs%20(2).pdf,Cans - Brite LTL
20210604 - ZH - Hobbs (3).pdf,https://storage.googleapis.com/mass-7e4f9.firebasestorage.app/00000001/Cans%20-%20Brite%20LTL/20210604%20-%20ZH%20-%20Hobbs%20(3).pdf,Cans - Brite LTL
20210604 - ZH - Hobbs.pdf,https://storage.googleapis.com/mass-7e4f9.firebasestorage.app/00000001/Cans%20-%20Brite%20LTL/20210604%20-%20ZH%20-%20Hobbs.pdf,Cans - Brite LTL
20210622 - ZH - Hobbs.pdf,https://storage.googleapis.com/mass-7e4f9.firebasestorage.app/00000001/Cans%20-%20Brite%20LTL/20210622%20-%20ZH%20-%20Hobbs.pdf,Cans - Brite LTL
20210712 - ZH - Hobbs.pdf,https://storage.googleapis.com/mass-7e4f9.firebasestorage.app/00000001/Cans%20-%20Brite%20LTL/20210712%20-%20ZH%20-%20Hobbs.pdf,Cans - Brite LTL
20210721 - ZH - Hobbs.pdf,https://storage.googleapis.com/mass-7e4f9.firebasestorage.app/00000001/Cans%20-%20Brite%20LTL/20210721%20-%20ZH%20-%20Hobbs.pdf,Cans - Brite LTL
20210723 - ZH - Hobbs.pdf,https://storage.googleapis.com/mass-7e4f9.firebasestorage.app/00000001/Cans%20-%20Brite%20LTL/20210723%20-%20ZH%20-%20Hobbs.pdf,Cans - Brite LTL
20210908 - ZH - Hobbs (2).pdf,https://storage.googleapis.com/mass-7e4f9.firebasestorage.app/00000001/Cans%20-%20Brite%20LTL/20210908%20-%20ZH%20-%20Hobbs%20(2).pdf,Cans - Brite LTL
20210908 - ZH - Hobbs.pdf,https://storage.googleapis.com/mass-7e4f9.firebasestorage.app/00000001/Cans%20-%20Brite%20LTL/20210908%20-%20ZH%20-%20Hobbs.pdf,Cans - Brite LTL
20220131 - ZH - Hobbs.pdf,https://storage.googleapis.com/mass-7e4f9.firebasestorage.app/00000001/Cans%20-%20Brite%20LTL/20220131%20-%20ZH%20-%20Hobbs.pdf,Cans - Brite LTL
20220211 - ZH - Hobbs.pdf,https://storage.googleapis.com/mass-7e4f9.firebasestorage.app/00000001/Cans%20-%20Brite%20LTL/20220211%20-%20ZH%20-%20Hobbs.pdf,Cans - Brite LTL
20220117 - ZH - Hobbs.pdf,https://storage.googleapis.com/mass-7e4f9.firebasestorage.app/00000001/Cans%20-%20Brite%20LTL/20220117%20-%20ZH%20-%20Hobbs.pdf,Cans - Brite LTL
20220217 - ZH - Hobbs.pdf,https://storage.googleapis.com/mass-7e4f9.firebasestorage.app/00000001/Cans%20-%20Brite%20LTL/20220217%20-%20ZH%20-%20Hobbs.pdf,Cans - Brite LTL
20220228 - ZH - Hobbs.pdf,https://storage.googleapis.com/mass-7e4f9.firebasestorage.app/00000001/Cans%20-%20Brite%20LTL/20220228%20-%20ZH%20-%20Hobbs.pdf,Cans - Brite LTL
20220315 - ZH - Hobbs.pdf,https://storage.googleapis.com/mass-7e4f9.firebasestorage.app/00000001/Cans%20-%20Brite%20LTL/20220315%20-%20ZH%20-%20Hobbs.pdf,Cans - Brite LTL
20220324 - ZH - Hobbs (2).pdf,https://storage.googleapis.com/mass-7e4f9.firebasestorage.app/00000001/Cans%20-%20Brite%20LTL/20220324%20-%20ZH%20-%20Hobbs%20(2).pdf,Cans - Brite LTL
20220324 - ZH - Hobbs.pdf,https://storage.googleapis.com/mass-7e4f9.firebasestorage.app/00000001/Cans%20-%20Brite%20LTL/20220324%20-%20ZH%20-%20Hobbs.pdf,Cans - Brite LTL
20220406 - ZH - Hobbs.pdf,https://storage.googleapis.com/mass-7e4f9.firebasestorage.app/00000001/Cans%20-%20Brite%20LTL/20220406%20-%20ZH%20-%20Hobbs.pdf,Cans - Brite LTL
20220411 - ZH - Hobbs.pdf,https://storage.googleapis.com/mass-7e4f9.firebasestorage.app/00000001/Cans%20-%20Brite%20LTL/20220411%20-%20ZH%20-%20Hobbs.pdf,Cans - Brite LTL
20220414 - ZH - Hobbs.pdf,https://storage.googleapis.com/mass-7e4f9.firebasestorage.app/00000001/Cans%20-%20Brite%20LTL/20220414%20-%20ZH%20-%20Hobbs.pdf,Cans - Brite LTL
20220513 - ZH - Hobbs.pdf,https://storage.googleapis.com/mass-7e4f9.firebasestorage.app/00000001/Cans%20-%20Brite%20LTL/20220513%20-%20ZH%20-%20Hobbs.pdf,Cans - Brite LTL
20220523 - ZH - Hobbs.pdf,https://storage.googleapis.com/mass-7e4f9.firebasestorage.app/00000001/Cans%20-%20Brite%20LTL/20220523%20-%20ZH%20-%20Hobbs.pdf,Cans - Brite LTL
20220628 - ZH - Hobbs.pdf,https://storage.googleapis.com/mass-7e4f9.firebasestorage.app/00000001/Cans%20-%20Brite%20LTL/20220628%20-%20ZH%20-%20Hobbs.pdf,Cans - Brite LTL
20220712 - ZH - Hobbs.pdf,https://storage.googleapis.com/mass-7e4f9.firebasestorage.app/00000001/Cans%20-%20Brite%20LTL/20220712%20-%20ZH%20-%20Hobbs.pdf,Cans - Brite LTL
20220729 - ZH - Hobbs.pdf,https://storage.googleapis.com/mass-7e4f9.firebasestorage.app/00000001/Cans%20-%20Brite%20LTL/20220729%20-%20ZH%20-%20Hobbs.pdf,Cans - Brite LTL
20220805 - ZH - Hobbs.pdf,https://storage.googleapis.com/mass-7e4f9.firebasestorage.app/00000001/Cans%20-%20Brite%20LTL/20220805%20-%20ZH%20-%20Hobbs.pdf,Cans - Brite LTL
20220815 - ZH - Hobbs.pdf,https://storage.googleapis.com/mass-7e4f9.firebasestorage.app/00000001/Cans%20-%20Brite%20LTL/20220815%20-%20ZH%20-%20Hobbs.pdf,Cans - Brite LTL
20220829 - ZH - Hobbs.pdf,https://storage.googleapis.com/mass-7e4f9.firebasestorage.app/00000001/Cans%20-%20Brite%20LTL/20220829%20-%20ZH%20-%20Hobbs.pdf,Cans - Brite LTL
20220907 - ZH - Hobbs.pdf,https://storage.googleapis.com/mass-7e4f9.firebasestorage.app/00000001/Cans%20-%20Brite%20LTL/20220907%20-%20ZH%20-%20Hobbs.pdf,Cans - Brite LTL
20220927 - ZH - Hobbs.pdf,https://storage.googleapis.com/mass-7e4f9.firebasestorage.app/00000001/Cans%20-%20Brite%20LTL/20220927%20-%20ZH%20-%20Hobbs.pdf,Cans - Brite LTL
20221028 - ZH - Hobbs.pdf,https://storage.googleapis.com/mass-7e4f9.firebasestorage.app/00000001/Cans%20-%20Brite%20LTL/20221028%20-%20ZH%20-%20Hobbs.pdf,Cans - Brite LTL
20221123 - ZH - Hobbs.pdf,https://storage.googleapis.com/mass-7e4f9.firebasestorage.app/00000001/Cans%20-%20Brite%20LTL/20221123%20-%20ZH%20-%20Hobbs.pdf,Cans - Brite LTL
20221130 - ZH - Hobbs.pdf,https://storage.googleapis.com/mass-7e4f9.firebasestorage.app/00000001/Cans%20-%20Brite%20LTL/20221130%20-%20ZH%20-%20Hobbs.pdf,Cans - Brite LTL
20221231 - ZH - Hobbs.pdf,https://storage.googleapis.com/mass-7e4f9.firebasestorage.app/00000001/Cans%20-%20Brite%20LTL/20221231%20-%20ZH%20-%20Hobbs.pdf,Cans - Brite LTL
20230210 - ZH - Hobbs.pdf,https://storage.googleapis.com/mass-7e4f9.firebasestorage.app/00000001/Cans%20-%20Brite%20LTL/20230210%20-%20ZH%20-%20Hobbs.pdf,Cans - Brite LTL
20230309 - ZH - Hobbs.pdf,https://storage.googleapis.com/mass-7e4f9.firebasestorage.app/00000001/Cans%20-%20Brite%20LTL/20230309%20-%20ZH%20-%20Hobbs.pdf,Cans - Brite LTL
20230315 - ZH - Workhorse.pdf,https://storage.googleapis.com/mass-7e4f9.firebasestorage.app/00000001/Cans%20-%20Brite%20LTL/20230315%20-%20ZH%20-%20Workhorse.pdf,Cans - Brite LTL
20230316 - ZH - Hobbs.pdf,https://storage.googleapis.com/mass-7e4f9.firebasestorage.app/00000001/Cans%20-%20Brite%20LTL/20230316%20-%20ZH%20-%20Hobbs.pdf,Cans - Brite LTL
20230405 - ZH - Hobbs.pdf,https://storage.googleapis.com/mass-7e4f9.firebasestorage.app/00000001/Cans%20-%20Brite%20LTL/20230405%20-%20ZH%20-%20Hobbs.pdf,Cans - Brite LTL
20230412 - ZH - Hobbs.pdf,https://storage.googleapis.com/mass-7e4f9.firebasestorage.app/00000001/Cans%20-%20Brite%20LTL/20230412%20-%20ZH%20-%20Hobbs.pdf,Cans - Brite LTL
20230505 - ZH - Hobbs.pdf,https://storage.googleapis.com/mass-7e4f9.firebasestorage.app/00000001/Cans%20-%20Brite%20LTL/20230505%20-%20ZH%20-%20Hobbs.pdf,Cans - Brite LTL
20230518 - ZH - Hobbs.pdf,https://storage.googleapis.com/mass-7e4f9.firebasestorage.app/00000001/Cans%20-%20Brite%20LTL/20230518%20-%20ZH%20-%20Hobbs.pdf,Cans - Brite LTL
20230524 - ZH - Hobbs.pdf,https://storage.googleapis.com/mass-7e4f9.firebasestorage.app/00000001/Cans%20-%20Brite%20LTL/20230524%20-%20ZH%20-%20Hobbs.pdf,Cans - Brite LTL
20230629 - ZH - Hobbs.pdf,https://storage.googleapis.com/mass-7e4f9.firebasestorage.app/00000001/Cans%20-%20Brite%20LTL/20230629%20-%20ZH%20-%20Hobbs.pdf,Cans - Brite LTL
20230630 - ZH - Hobbs.pdf,https://storage.googleapis.com/mass-7e4f9.firebasestorage.app/00000001/Cans%20-%20Brite%20LTL/20230630%20-%20ZH%20-%20Hobbs.pdf,Cans - Brite LTL
20230717 - ZH - Hobbs.pdf,https://storage.googleapis.com/mass-7e4f9.firebasestorage.app/00000001/Cans%20-%20Brite%20LTL/20230717%20-%20ZH%20-%20Hobbs.pdf,Cans - Brite LTL
20230730 -  ZH- Gearhouse.pdf,https://storage.googleapis.com/mass-7e4f9.firebasestorage.app/00000001/Cans%20-%20Brite%20LTL/20230730%20-%20%20ZH-%20Gearhouse.pdf,Cans - Brite LTL
20230731 - ZH - Hobbs.pdf,https://storage.googleapis.com/mass-7e4f9.firebasestorage.app/00000001/Cans%20-%20Brite%20LTL/20230731%20-%20ZH%20-%20Hobbs.pdf,Cans - Brite LTL
20230807 - ZH - Hobbs.pdf,https://storage.googleapis.com/mass-7e4f9.firebasestorage.app/00000001/Cans%20-%20Brite%20LTL/20230807%20-%20ZH%20-%20Hobbs.pdf,Cans - Brite LTL
20230818 - ZH - Hobbs.pdf,https://storage.googleapis.com/mass-7e4f9.firebasestorage.app/00000001/Cans%20-%20Brite%20LTL/20230818%20-%20ZH%20-%20Hobbs.pdf,Cans - Brite LTL
20230906 - ZH - Hobbs.pdf,https://storage.googleapis.com/mass-7e4f9.firebasestorage.app/00000001/Cans%20-%20Brite%20LTL/20230906%20-%20ZH%20-%20Hobbs.pdf,Cans - Brite LTL
20230921 - ZH - Workhorse.pdf,https://storage.googleapis.com/mass-7e4f9.firebasestorage.app/00000001/Cans%20-%20Brite%20LTL/20230921%20-%20ZH%20-%20Workhorse.pdf,Cans - Brite LTL
20230929 Wildpack - East Brother Brites (less 10%) INV-30511349.pdf,https://storage.googleapis.com/mass-7e4f9.firebasestorage.app/00000001/Cans%20-%20Brite%20LTL/20230929%20Wildpack%20-%20East%20Brother%20Brites%20(less%2010%25)%20INV-30511349.pdf,Cans - Brite LTL
20231128 Wildpack - East Brother Brites Invoice_INV-30512699.pdf,https://storage.googleapis.com/mass-7e4f9.firebasestorage.app/00000001/Cans%20-%20Brite%20LTL/20231128%20Wildpack%20-%20East%20Brother%20Brites%20Invoice_INV-30512699.pdf,Cans - Brite LTL
20240326 Berlin - Helltown.PDF,https://storage.googleapis.com/mass-7e4f9.firebasestorage.app/00000001/Cans%20-%20Brite%20LTL/20240326%20Berlin%20-%20Helltown.PDF,Cans - Brite LTL
20240521 - Berlin - Helltown OMS1000_69931135-19.2oz cans.PDF,https://storage.googleapis.com/mass-7e4f9.firebasestorage.app/00000001/Cans%20-%20Brite%20LTL/20240521%20-%20Berlin%20-%20Helltown%20OMS1000_69931135-19.2oz%20cans.PDF,Cans - Brite LTL
20240531 Berlin - Helltown OMS1000_70046679-202lids.PDF,https://storage.googleapis.com/mass-7e4f9.firebasestorage.app/00000001/Cans%20-%20Brite%20LTL/20240531%20Berlin%20-%20Helltown%20OMS1000_70046679-202lids.PDF,Cans - Brite LTL
20240109 Aramark - East Brother Facilites Supplies.pdf,https://storage.googleapis.com/mass-7e4f9.firebasestorage.app/00000001/Facilities%20Supplies/20240109%20Aramark%20-%20East%20Brother%20Facilites%20Supplies.pdf,Facilities Supplies
20240123 Aramark - East Brother Facilities Supplies.pdf,https://storage.googleapis.com/mass-7e4f9.firebasestorage.app/00000001/Facilities%20Supplies/20240123%20Aramark%20-%20East%20Brother%20Facilities%20Supplies.pdf,Facilities Supplies
20230523 C.H.Robinson - East Brother Freight Cans.pdf,https://storage.googleapis.com/mass-7e4f9.firebasestorage.app/00000001/Freight/20230523%20C.H.Robinson%20-%20East%20Brother%20Freight%20Cans.pdf,Freight
20231130 C.H.Robinson - East Brother - Freigt Cans.pdf,https://storage.googleapis.com/mass-7e4f9.firebasestorage.app/00000001/Freight/20231130%20C.H.Robinson%20-%20East%20Brother%20-%20Freigt%20Cans.pdf,Freight
20240129 C.H.Robinson - East Brother Freight Cans.pdf,https://storage.googleapis.com/mass-7e4f9.firebasestorage.app/00000001/Freight/20240129%20C.H.Robinson%20-%20East%20Brother%20Freight%20Cans.pdf,Freight
20240131 Urban South - Priority1Invoice11124142.pdf,https://storage.googleapis.com/mass-7e4f9.firebasestorage.app/00000001/Freight/20240131%20Urban%20South%20-%20Priority1Invoice11124142.pdf,Freight
20240327 C.H. Robinson - East Brother Brites & Belgian March 14 2024.pdf,https://storage.googleapis.com/mass-7e4f9.firebasestorage.app/00000001/Freight/20240327%20C.H.%20Robinson%20-%20East%20Brother%20Brites%20&%20Belgian%20March%2014%202024.pdf,Freight
20240404 C.H.Robinson - East Brother - Invoice6191642140.pdf,https://storage.googleapis.com/mass-7e4f9.firebasestorage.app/00000001/Freight/20240404%20C.H.Robinson%20-%20East%20Brother%20-%20Invoice6191642140.pdf,Freight
"20240207 King Orchards, Inc. - Ore Dock Invoice #66079.pdf","https://storage.googleapis.com/mass-7e4f9.firebasestorage.app/00000001/Fruit%20Concentrate/20240207%20King%20Orchards,%20Inc.%20-%20Ore%20Dock%20Invoice%20#66079.pdf",Fruit Concentrate
20240401 King Orchards - Helltown.pdf,https://storage.googleapis.com/mass-7e4f9.firebasestorage.app/00000001/Fruit%20Concentrate/20240401%20King%20Orchards%20-%20Helltown.pdf,Fruit Concentrate
20240807 - McLures Invoice 0088404 - Sap House.pdf,https://storage.googleapis.com/mass-7e4f9.firebasestorage.app/00000001/Honey/20240807%20-%20McLures%20Invoice%200088404%20-%20Sap%20House.pdf,Honey
20240226 Cirm_Custom_Decorating - Helltown.pdf,https://storage.googleapis.com/mass-7e4f9.firebasestorage.app/00000001/Glassware/20240226%20Cirm_Custom_Decorating%20-%20Helltown.pdf,Glassware
20230908 - MILocal Hops - Barrel and Beam.pdf,https://storage.googleapis.com/mass-7e4f9.firebasestorage.app/00000001/Hops/20230908%20-%20MILocal%20Hops%20-%20Barrel%20and%20Beam.pdf,Hops
20240112 Hopsteiner - Ore Dock Sales Invoice 178973.pdf,https://storage.googleapis.com/mass-7e4f9.firebasestorage.app/00000001/Hops/20240112%20Hopsteiner%20-%20Ore%20Dock%20Sales%20Invoice%20178973.pdf,Hops
20240311 Yakima Chief Hops - Earth Rider.pdf,https://storage.googleapis.com/mass-7e4f9.firebasestorage.app/00000001/Hops/20240311%20Yakima%20Chief%20Hops%20-%20Earth%20Rider.pdf,Hops
20240313 MI Local Hops - Ore Dock Invoice 1361.pdf,https://storage.googleapis.com/mass-7e4f9.firebasestorage.app/00000001/Hops/20240313%20MI%20Local%20Hops%20-%20Ore%20Dock%20Invoice%201361.pdf,Hops
20240502 MI Local Hops - Ore Dock Invoice 1400.pdf,https://storage.googleapis.com/mass-7e4f9.firebasestorage.app/00000001/Hops/20240502%20MI%20Local%20Hops%20-%20Ore%20Dock%20Invoice%201400.pdf,Hops
20240619 Hop Alliance - Ore Docks Order #52050 confirmed.pdf,https://storage.googleapis.com/mass-7e4f9.firebasestorage.app/00000001/Hops/20240619%20Hop%20Alliance%20-%20Ore%20Docks%20Order%20#52050%20confirmed.pdf,Hops
20240619 ZA Hops - Ore Dock.pdf,https://storage.googleapis.com/mass-7e4f9.firebasestorage.app/00000001/Hops/20240619%20ZA%20Hops%20-%20Ore%20Dock.pdf,Hops
20240216 Northwestern Extracts - Ore Dock Invoice 0059694.pdf,https://storage.googleapis.com/mass-7e4f9.firebasestorage.app/00000001/Fruit%20Extracts/20240216%20Northwestern%20Extracts%20-%20Ore%20Dock%20Invoice%200059694.pdf,Fruit Extracts
20240327 Northwestern Extracts - Ore Dock Invoice 0060134.pdf,https://storage.googleapis.com/mass-7e4f9.firebasestorage.app/00000001/Fruit%20Extracts/20240327%20Northwestern%20Extracts%20-%20Ore%20Dock%20Invoice%200060134.pdf,Fruit Extracts
20240523 Northwestern Extracts - Ore Dock Invoice 0060895.pdf,https://storage.googleapis.com/mass-7e4f9.firebasestorage.app/00000001/Fruit%20Extracts/20240523%20Northwestern%20Extracts%20-%20Ore%20Dock%20Invoice%200060895.pdf,Fruit Extracts
20240207 Oregon Fruit - Ore Dock Invoice 239219.pdf,https://storage.googleapis.com/mass-7e4f9.firebasestorage.app/00000001/Fruit%20Aseptic/20240207%20Oregon%20Fruit%20-%20Ore%20Dock%20Invoice%20239219.pdf,Fruit Aseptic
20240730 - GLCC Co. IVC0000003901 - Saphouse.pdf,https://storage.googleapis.com/mass-7e4f9.firebasestorage.app/00000001/Fruit%20Aseptic/20240730%20-%20GLCC%20Co.%20IVC0000003901%20-%20Saphouse.pdf,Fruit Aseptic
20240820 - GLCC Co. IVC3956 - Sap House Meadery.pdf,https://storage.googleapis.com/mass-7e4f9.firebasestorage.app/00000001/Fruit%20Aseptic/20240820%20-%20GLCC%20Co.%20IVC3956%20-%20Sap%20House%20Meadery.pdf,Fruit Aseptic
20240101 Keg Logistics - East Brothers.pdf,https://storage.googleapis.com/mass-7e4f9.firebasestorage.app/00000001/Keg%20Leasing/20240101%20Keg%20Logistics%20-%20East%20Brothers.pdf,Keg Leasing
20240401 Keg Logistics - East Brother.pdf,https://storage.googleapis.com/mass-7e4f9.firebasestorage.app/00000001/Keg%20Leasing/20240401%20Keg%20Logistics%20-%20East%20Brother.pdf,Keg Leasing
20240501 Keg Logistcs - East Brother.pdf,https://storage.googleapis.com/mass-7e4f9.firebasestorage.app/00000001/Keg%20Leasing/20240501%20Keg%20Logistcs%20-%20East%20Brother.pdf,Keg Leasing
20240501 Keg Logistics - Ore Dock Invoice B-917971.pdf,https://storage.googleapis.com/mass-7e4f9.firebasestorage.app/00000001/Keg%20Leasing/20240501%20Keg%20Logistics%20-%20Ore%20Dock%20Invoice%20B-917971.pdf,Keg Leasing
20230912 - Unikegs (Brick Packaging) - Barrel and Beam.pdf,https://storage.googleapis.com/mass-7e4f9.firebasestorage.app/00000001/Kegs%20(One%20Way)/20230912%20-%20Unikegs%20(Brick%20Packaging)%20-%20Barrel%20and%20Beam.pdf,Kegs (One Way)
20230127 - Lindenmeyr - Hobbs.pdf,https://storage.googleapis.com/mass-7e4f9.firebasestorage.app/00000001/Paktechs/20230127%20-%20Lindenmeyr%20-%20Hobbs.pdf,Paktechs
20230418 - Lindenmeyr Monroe - Zipline.pdf,https://storage.googleapis.com/mass-7e4f9.firebasestorage.app/00000001/Paktechs/20230418%20-%20Lindenmeyr%20Monroe%20-%20Zipline.pdf,Paktechs
20230420 - Lindenmeyr - Hobbs.pdf,https://storage.googleapis.com/mass-7e4f9.firebasestorage.app/00000001/Paktechs/20230420%20-%20Lindenmeyr%20-%20Hobbs.pdf,Paktechs
20231108 Paktech - Laquinta.pdf,https://storage.googleapis.com/mass-7e4f9.firebasestorage.app/00000001/Paktechs/20231108%20Paktech%20-%20Laquinta.pdf,Paktechs
20231110 WCP Solutions - East Brother Paktechs and Can Trays.PDF,https://storage.googleapis.com/mass-7e4f9.firebasestorage.app/00000001/Paktechs/20231110%20WCP%20Solutions%20-%20East%20Brother%20Paktechs%20and%20Can%20Trays.PDF,Paktechs
20240305 PakTech - Helltown.pdf,https://storage.googleapis.com/mass-7e4f9.firebasestorage.app/00000001/Paktechs/20240305%20PakTech%20-%20Helltown.pdf,Paktechs
20240604 WCP Solutions - East Brother WCP INV#13662954 for PO#1874.PDF,https://storage.googleapis.com/mass-7e4f9.firebasestorage.app/00000001/Paktechs/20240604%20WCP%20Solutions%20-%20East%20Brother%20WCP%20INV#13662954%20for%20PO#1874.PDF,Paktechs
20230106 - Malteurop - Hobbs - 0031152950.pdf,https://storage.googleapis.com/mass-7e4f9.firebasestorage.app/00000001/Malteurop/20230106%20-%20Malteurop%20-%20Hobbs%20-%200031152950.pdf,Malteurop
20230113 - Malteurop - Hobbs - 0031153462.pdf,https://storage.googleapis.com/mass-7e4f9.firebasestorage.app/00000001/Malteurop/20230113%20-%20Malteurop%20-%20Hobbs%20-%200031153462.pdf,Malteurop
20230209 - Malteurop - Hobbs - 0031154782.pdf,https://storage.googleapis.com/mass-7e4f9.firebasestorage.app/00000001/Malteurop/20230209%20-%20Malteurop%20-%20Hobbs%20-%200031154782.pdf,Malteurop
20230222 - Malteurop - Hobbs - 0031155456.pdf,https://storage.googleapis.com/mass-7e4f9.firebasestorage.app/00000001/Malteurop/20230222%20-%20Malteurop%20-%20Hobbs%20-%200031155456.pdf,Malteurop
20230224 - Matleurop - Hobbs.pdf,https://storage.googleapis.com/mass-7e4f9.firebasestorage.app/00000001/Malteurop/20230224%20-%20Matleurop%20-%20Hobbs.pdf,Malteurop
20230331 - Malteurop - Hobbs - 0031156811.pdf,https://storage.googleapis.com/mass-7e4f9.firebasestorage.app/00000001/Malteurop/20230331%20-%20Malteurop%20-%20Hobbs%20-%200031156811.pdf,Malteurop
20230423 - Malteurop - Hobbs - 0031157786.pdf,https://storage.googleapis.com/mass-7e4f9.firebasestorage.app/00000001/Malteurop/20230423%20-%20Malteurop%20-%20Hobbs%20-%200031157786.pdf,Malteurop
20230512 - Malteurop - Hobbs - 0031158444.pdf,https://storage.googleapis.com/mass-7e4f9.firebasestorage.app/00000001/Malteurop/20230512%20-%20Malteurop%20-%20Hobbs%20-%200031158444.pdf,Malteurop
20230518 - Malteurop - Hobbs - 0031158711(1).pdf,https://storage.googleapis.com/mass-7e4f9.firebasestorage.app/00000001/Malteurop/20230518%20-%20Malteurop%20-%20Hobbs%20-%200031158711(1).pdf,Malteurop
20230518 - Malteurop - Hobbs - 0031158711.pdf,https://storage.googleapis.com/mass-7e4f9.firebasestorage.app/00000001/Malteurop/20230518%20-%20Malteurop%20-%20Hobbs%20-%200031158711.pdf,Malteurop
20230606 - Malteurop - Hobbs -  0031159491.pdf,https://storage.googleapis.com/mass-7e4f9.firebasestorage.app/00000001/Malteurop/20230606%20-%20Malteurop%20-%20Hobbs%20-%20%200031159491.pdf,Malteurop
20230606 - Malteurop - Hobbs - 0031159491(1).pdf,https://storage.googleapis.com/mass-7e4f9.firebasestorage.app/00000001/Malteurop/20230606%20-%20Malteurop%20-%20Hobbs%20-%200031159491(1).pdf,Malteurop
20230606 - Malteurop - Hobbs - 0031159491(2).pdf,https://storage.googleapis.com/mass-7e4f9.firebasestorage.app/00000001/Malteurop/20230606%20-%20Malteurop%20-%20Hobbs%20-%200031159491(2).pdf,Malteurop
20230606 - Malteurop - Hobbs - 0031159492(1).pdf,https://storage.googleapis.com/mass-7e4f9.firebasestorage.app/00000001/Malteurop/20230606%20-%20Malteurop%20-%20Hobbs%20-%200031159492(1).pdf,Malteurop
20230606 - Malteurop - Hobbs - 0031159492(2).pdf,https://storage.googleapis.com/mass-7e4f9.firebasestorage.app/00000001/Malteurop/20230606%20-%20Malteurop%20-%20Hobbs%20-%200031159492(2).pdf,Malteurop
20230606 - Malteurop - Hobbs - 0031159492.pdf,https://storage.googleapis.com/mass-7e4f9.firebasestorage.app/00000001/Malteurop/20230606%20-%20Malteurop%20-%20Hobbs%20-%200031159492.pdf,Malteurop
20230628 - Malteurop - Hobbs - 0031160410(1).pdf,https://storage.googleapis.com/mass-7e4f9.firebasestorage.app/00000001/Malteurop/20230628%20-%20Malteurop%20-%20Hobbs%20-%200031160410(1).pdf,Malteurop
20230628 - Malteurop - Hobbs - 0031160410.pdf,https://storage.googleapis.com/mass-7e4f9.firebasestorage.app/00000001/Malteurop/20230628%20-%20Malteurop%20-%20Hobbs%20-%200031160410.pdf,Malteurop
20230707 - Malteurop - Hobbs - 0031160807.pdf,https://storage.googleapis.com/mass-7e4f9.firebasestorage.app/00000001/Malteurop/20230707%20-%20Malteurop%20-%20Hobbs%20-%200031160807.pdf,Malteurop
20230719 - Malteurop - Hobbs - 0031161220.pdf,https://storage.googleapis.com/mass-7e4f9.firebasestorage.app/00000001/Malteurop/20230719%20-%20Malteurop%20-%20Hobbs%20-%200031161220.pdf,Malteurop
20230726 - Malteurop - Hobbs - 0031161494.pdf,https://storage.googleapis.com/mass-7e4f9.firebasestorage.app/00000001/Malteurop/20230726%20-%20Malteurop%20-%20Hobbs%20-%200031161494.pdf,Malteurop
20230823 - Malteurop - Hobbs -  0031162171.pdf,https://storage.googleapis.com/mass-7e4f9.firebasestorage.app/00000001/Malteurop/20230823%20-%20Malteurop%20-%20Hobbs%20-%20%200031162171.pdf,Malteurop
20230823 - Malteurop - Hobbs -  0031162820.pdf,https://storage.googleapis.com/mass-7e4f9.firebasestorage.app/00000001/Malteurop/20230823%20-%20Malteurop%20-%20Hobbs%20-%20%200031162820.pdf,Malteurop
20230825 - Malteurop - Barrel and Beam.pdf,https://storage.googleapis.com/mass-7e4f9.firebasestorage.app/00000001/Malteurop/20230825%20-%20Malteurop%20-%20Barrel%20and%20Beam.pdf,Malteurop
20230912 - Great Lakes Malting - Barrel and Beam.pdf,https://storage.googleapis.com/mass-7e4f9.firebasestorage.app/00000001/Malteurop/20230912%20-%20Great%20Lakes%20Malting%20-%20Barrel%20and%20Beam.pdf,Malteurop
20231003 - Malteurop - Hobbs -  0031164107.pdf,https://storage.googleapis.com/mass-7e4f9.firebasestorage.app/00000001/Malteurop/20231003%20-%20Malteurop%20-%20Hobbs%20-%20%200031164107.pdf,Malteurop
20231013 - Malteurop - Hobbs -  0031164327.pdf,https://storage.googleapis.com/mass-7e4f9.firebasestorage.app/00000001/Malteurop/20231013%20-%20Malteurop%20-%20Hobbs%20-%20%200031164327.pdf,Malteurop
20231026 - Malteurop - Hobbs -  0031164758.pdf,https://storage.googleapis.com/mass-7e4f9.firebasestorage.app/00000001/Malteurop/20231026%20-%20Malteurop%20-%20Hobbs%20-%20%200031164758.pdf,Malteurop
20231123 - Malteurop - Hobbs -  0031165281.pdf,https://storage.googleapis.com/mass-7e4f9.firebasestorage.app/00000001/Malteurop/20231123%20-%20Malteurop%20-%20Hobbs%20-%20%200031165281.pdf,Malteurop
20231221 - Malteurop - Hobbs - 0031166449(1).pdf,https://storage.googleapis.com/mass-7e4f9.firebasestorage.app/00000001/Malteurop/20231221%20-%20Malteurop%20-%20Hobbs%20-%200031166449(1).pdf,Malteurop
20231221 - Malteurop - Hobbs - 0031166449(2).pdf,https://storage.googleapis.com/mass-7e4f9.firebasestorage.app/00000001/Malteurop/20231221%20-%20Malteurop%20-%20Hobbs%20-%200031166449(2).pdf,Malteurop
20231223 - Malteurop - Hobbs -  0031166449.pdf,https://storage.googleapis.com/mass-7e4f9.firebasestorage.app/00000001/Malteurop/20231223%20-%20Malteurop%20-%20Hobbs%20-%20%200031166449.pdf,Malteurop
20231223 - Malteurop - Hobbs - 0031166449(3).pdf,https://storage.googleapis.com/mass-7e4f9.firebasestorage.app/00000001/Malteurop/20231223%20-%20Malteurop%20-%20Hobbs%20-%200031166449(3).pdf,Malteurop
20240109 - Malteurop - Hobbs -  0031167209(1).pdf,https://storage.googleapis.com/mass-7e4f9.firebasestorage.app/00000001/Malteurop/20240109%20-%20Malteurop%20-%20Hobbs%20-%20%200031167209(1).pdf,Malteurop
20240109 - Malteurop - Hobbs - 0031167209.pdf,https://storage.googleapis.com/mass-7e4f9.firebasestorage.app/00000001/Malteurop/20240109%20-%20Malteurop%20-%20Hobbs%20-%200031167209.pdf,Malteurop
20240125 - Malteurop - Grand Teton - Invoice n 0031167756.pdf,https://storage.googleapis.com/mass-7e4f9.firebasestorage.app/00000001/Malteurop/20240125%20-%20Malteurop%20-%20Grand%20Teton%20-%20Invoice%20n%C2%B0%200031167756.pdf,Malteurop
20240213 - Malteurop - Hobbs-  0031168181.pdf,https://storage.googleapis.com/mass-7e4f9.firebasestorage.app/00000001/Malteurop/20240213%20-%20Malteurop%20-%20Hobbs-%20%200031168181.pdf,Malteurop
20240301 - Malteurop - Hobbs - 0031168811.pdf,https://storage.googleapis.com/mass-7e4f9.firebasestorage.app/00000001/Malteurop/20240301%20-%20Malteurop%20-%20Hobbs%20-%200031168811.pdf,Malteurop
20240418 Malteurop - Hobbs Invoice n 0031170480.pdf,https://storage.googleapis.com/mass-7e4f9.firebasestorage.app/00000001/Malteurop/20240418%20Malteurop%20-%20Hobbs%20Invoice%20n%E2%94%AC%E2%96%91%200031170480.pdf,Malteurop
20240619 - Malteurop - Invoice n 0031172693 - Hobbs.pdf,https://storage.googleapis.com/mass-7e4f9.firebasestorage.app/00000001/Malteurop/20240619%20-%20Malteurop%20-%20Invoice%20n%E2%94%AC%E2%96%91%200031172693%20-%20Hobbs.pdf,Malteurop
20240730 - Malteurop - Invoice n 0031174061 - Hobbs.pdf,https://storage.googleapis.com/mass-7e4f9.firebasestorage.app/00000001/Malteurop/20240730%20-%20Malteurop%20-%20Invoice%20n%E2%94%AC%E2%96%91%200031174061%20-%20Hobbs.pdf,Malteurop
20240708 - Malteurop - Invoice n 0031173254 - Hobbs.pdf,https://storage.googleapis.com/mass-7e4f9.firebasestorage.app/00000001/Malteurop/20240708%20-%20Malteurop%20-%20Invoice%20n%E2%94%AC%E2%96%91%200031173254%20-%20Hobbs.pdf,Malteurop
20240312 HDS - Helltown - Invoice120897-1-merch.pdf,https://storage.googleapis.com/mass-7e4f9.firebasestorage.app/00000001/Merchandise/20240312%20HDS%20-%20Helltown%20-%20Invoice120897-1-merch.pdf,Merchandise
20220923 - JP Pest Services - Hobbs.pdf,https://storage.googleapis.com/mass-7e4f9.firebasestorage.app/00000001/Pest%20Control/20220923%20-%20JP%20Pest%20Services%20-%20Hobbs.pdf,Pest Control
20221028 - JP Pest Services - Hobbs.pdf,https://storage.googleapis.com/mass-7e4f9.firebasestorage.app/00000001/Pest%20Control/20221028%20-%20JP%20Pest%20Services%20-%20Hobbs.pdf,Pest Control
20240108 Orkin - East Brother - Pest Control.pdf,https://storage.googleapis.com/mass-7e4f9.firebasestorage.app/00000001/Pest%20Control/20240108%20Orkin%20-%20East%20Brother%20-%20Pest%20Control.pdf,Pest Control
20240219 - Ja-Roy Pest Control - Urban South.pdf,https://storage.googleapis.com/mass-7e4f9.firebasestorage.app/00000001/Pest%20Control/20240219%20-%20Ja-Roy%20Pest%20Control%20-%20Urban%20South.pdf,Pest Control
20240429 Orkin - East Brother - Invoice 04 Apr '24 mosquito.pdf,https://storage.googleapis.com/mass-7e4f9.firebasestorage.app/00000001/Pest%20Control/20240429%20Orkin%20-%20East%20Brother%20-%20Invoice%2004%20Apr%20'24%20mosquito.pdf,Pest Control
20240429 Orkin - East Brother - Invoice 04 Apr '24.pdf,https://storage.googleapis.com/mass-7e4f9.firebasestorage.app/00000001/Pest%20Control/20240429%20Orkin%20-%20East%20Brother%20-%20Invoice%2004%20Apr%20'24.pdf,Pest Control
20240305 Sticker Mule - Ore Dock R621872644.pdf,https://storage.googleapis.com/mass-7e4f9.firebasestorage.app/00000001/Stickers/20240305%20Sticker%20Mule%20-%20Ore%20Dock%20R621872644.pdf,Stickers
20240502 Sticker Mule - Ore Dock R155256703.pdf,https://storage.googleapis.com/mass-7e4f9.firebasestorage.app/00000001/Stickers/20240502%20Sticker%20Mule%20-%20Ore%20Dock%20R155256703.pdf,Stickers
20240305 Proximity Malt - Helltown.pdf,https://storage.googleapis.com/mass-7e4f9.firebasestorage.app/00000001/Proximity/20240305%20Proximity%20Malt%20-%20Helltown.pdf,Proximity
20230110 - InTouch - Hobbs.pdf,https://storage.googleapis.com/mass-7e4f9.firebasestorage.app/00000001/Labels/20230110%20-%20InTouch%20-%20Hobbs.pdf,Labels
20230330 - InTouch - Hobbs.pdf,https://storage.googleapis.com/mass-7e4f9.firebasestorage.app/00000001/Labels/20230330%20-%20InTouch%20-%20Hobbs.pdf,Labels
20230505 - InTouch - Hobbs.pdf,https://storage.googleapis.com/mass-7e4f9.firebasestorage.app/00000001/Labels/20230505%20-%20InTouch%20-%20Hobbs.pdf,Labels
20230602 - InTouch - Hobbs.pdf,https://storage.googleapis.com/mass-7e4f9.firebasestorage.app/00000001/Labels/20230602%20-%20InTouch%20-%20Hobbs.pdf,Labels
20230617 - InTouch - Hobbs.pdf,https://storage.googleapis.com/mass-7e4f9.firebasestorage.app/00000001/Labels/20230617%20-%20InTouch%20-%20Hobbs.pdf,Labels
20230630 - InTouch - Hobbs.pdf,https://storage.googleapis.com/mass-7e4f9.firebasestorage.app/00000001/Labels/20230630%20-%20InTouch%20-%20Hobbs.pdf,Labels
20230604 - InTouch - Hobbs.pdf,https://storage.googleapis.com/mass-7e4f9.firebasestorage.app/00000001/Labels/20230604%20-%20InTouch%20-%20Hobbs.pdf,Labels
20230721 - InTouch - Hobbs (2).pdf,https://storage.googleapis.com/mass-7e4f9.firebasestorage.app/00000001/Labels/20230721%20-%20InTouch%20-%20Hobbs%20(2).pdf,Labels
20230721 - InTouch - Hobbs.pdf,https://storage.googleapis.com/mass-7e4f9.firebasestorage.app/00000001/Labels/20230721%20-%20InTouch%20-%20Hobbs.pdf,Labels
20230818 - InTouch - Hobbs.pdf,https://storage.googleapis.com/mass-7e4f9.firebasestorage.app/00000001/Labels/20230818%20-%20InTouch%20-%20Hobbs.pdf,Labels
20230815 - InTouch - Hobbs.pdf,https://storage.googleapis.com/mass-7e4f9.firebasestorage.app/00000001/Labels/20230815%20-%20InTouch%20-%20Hobbs.pdf,Labels
20230723 - InTouch - Hobbs.pdf,https://storage.googleapis.com/mass-7e4f9.firebasestorage.app/00000001/Labels/20230723%20-%20InTouch%20-%20Hobbs.pdf,Labels
20230907 - InTouch - Hobbs.pdf,https://storage.googleapis.com/mass-7e4f9.firebasestorage.app/00000001/Labels/20230907%20-%20InTouch%20-%20Hobbs.pdf,Labels
20231012 Blue Label - Urban South.pdf,https://storage.googleapis.com/mass-7e4f9.firebasestorage.app/00000001/Labels/20231012%20Blue%20Label%20-%20Urban%20South.pdf,Labels
20231103 - InTouch - Hobbs (2).pdf,https://storage.googleapis.com/mass-7e4f9.firebasestorage.app/00000001/Labels/20231103%20-%20InTouch%20-%20Hobbs%20(2).pdf,Labels
20231103 - InTouch - Hobbs.pdf,https://storage.googleapis.com/mass-7e4f9.firebasestorage.app/00000001/Labels/20231103%20-%20InTouch%20-%20Hobbs.pdf,Labels
20231017 - InTouch - Hobbs.pdf,https://storage.googleapis.com/mass-7e4f9.firebasestorage.app/00000001/Labels/20231017%20-%20InTouch%20-%20Hobbs.pdf,Labels
20231116 - InTouch - Hobbs.pdf,https://storage.googleapis.com/mass-7e4f9.firebasestorage.app/00000001/Labels/20231116%20-%20InTouch%20-%20Hobbs.pdf,Labels
20231117 - InTouch - Hobbs.pdf,https://storage.googleapis.com/mass-7e4f9.firebasestorage.app/00000001/Labels/20231117%20-%20InTouch%20-%20Hobbs.pdf,Labels
20231123 JS Print Group - Earth Rider - Invoice_18545_from_JS_Print_Group_Inc.pdf,https://storage.googleapis.com/mass-7e4f9.firebasestorage.app/00000001/Labels/20231123%20JS%20Print%20Group%20-%20Earth%20Rider%20-%20Invoice_18545_from_JS_Print_Group_Inc.pdf,Labels
20231130 JS Print Group - Earth Rider - Invoice_18649_from_JS_Print_Group_Inc.pdf,https://storage.googleapis.com/mass-7e4f9.firebasestorage.app/00000001/Labels/20231130%20JS%20Print%20Group%20-%20Earth%20Rider%20-%20Invoice_18649_from_JS_Print_Group_Inc.pdf,Labels
20231205 JS Print Group - Earth Rider - Invoice_18692_from_JS_Print_Group_Inc.pdf,https://storage.googleapis.com/mass-7e4f9.firebasestorage.app/00000001/Labels/20231205%20JS%20Print%20Group%20-%20Earth%20Rider%20-%20Invoice_18692_from_JS_Print_Group_Inc.pdf,Labels
20231231 JS Print Group - Earth Rider - Invoice_18813_from_JS_Print_Group_Inc.pdf,https://storage.googleapis.com/mass-7e4f9.firebasestorage.app/00000001/Labels/20231231%20JS%20Print%20Group%20-%20Earth%20Rider%20-%20Invoice_18813_from_JS_Print_Group_Inc.pdf,Labels
20240112 - InTouch - Hobbs.pdf,https://storage.googleapis.com/mass-7e4f9.firebasestorage.app/00000001/Labels/20240112%20-%20InTouch%20-%20Hobbs.pdf,Labels
20240131 Blue Label - Bauhaus.pdf,https://storage.googleapis.com/mass-7e4f9.firebasestorage.app/00000001/Labels/20240131%20Blue%20Label%20-%20Bauhaus.pdf,Labels
20240131 JS Print Group - Earth Rider - Invoice_19109_from_JS_Print_Group_Inc.pdf,https://storage.googleapis.com/mass-7e4f9.firebasestorage.app/00000001/Labels/20240131%20JS%20Print%20Group%20-%20Earth%20Rider%20-%20Invoice_19109_from_JS_Print_Group_Inc.pdf,Labels
20240201 Blue Label - Bauhuas.pdf,https://storage.googleapis.com/mass-7e4f9.firebasestorage.app/00000001/Labels/20240201%20Blue%20Label%20-%20Bauhuas.pdf,Labels
20240112 JS Print Group - Earth Rider - Invoice_18969_from_JS_Print_Group_Inc.pdf,https://storage.googleapis.com/mass-7e4f9.firebasestorage.app/00000001/Labels/20240112%20JS%20Print%20Group%20-%20Earth%20Rider%20-%20Invoice_18969_from_JS_Print_Group_Inc.pdf,Labels
20240209 Blue Label - Bauhaus.pdf,https://storage.googleapis.com/mass-7e4f9.firebasestorage.app/00000001/Labels/20240209%20Blue%20Label%20-%20Bauhaus.pdf,Labels
20240303 - InTouch - Hobbs -2.pdf,https://storage.googleapis.com/mass-7e4f9.firebasestorage.app/00000001/Labels/20240303%20-%20InTouch%20-%20Hobbs%20-2.pdf,Labels
20240303 - InTouch - Hobbs.pdf,https://storage.googleapis.com/mass-7e4f9.firebasestorage.app/00000001/Labels/20240303%20-%20InTouch%20-%20Hobbs.pdf,Labels
20240309 Blue Label - Bauhaus.pdf,https://storage.googleapis.com/mass-7e4f9.firebasestorage.app/00000001/Labels/20240309%20Blue%20Label%20-%20Bauhaus.pdf,Labels
20240313 Alpine_Packaging - Helltown.pdf,https://storage.googleapis.com/mass-7e4f9.firebasestorage.app/00000001/Labels/20240313%20Alpine_Packaging%20-%20Helltown.pdf,Labels
20240321 Blue Label - Bauhaus.pdf,https://storage.googleapis.com/mass-7e4f9.firebasestorage.app/00000001/Labels/20240321%20Blue%20Label%20-%20Bauhaus.pdf,Labels
20240325 Blue Label - Bauhaus.pdf,https://storage.googleapis.com/mass-7e4f9.firebasestorage.app/00000001/Labels/20240325%20Blue%20Label%20-%20Bauhaus.pdf,Labels
20240505 InTouch - Hobbs 87658.pdf,https://storage.googleapis.com/mass-7e4f9.firebasestorage.app/00000001/Labels/20240505%20InTouch%20-%20Hobbs%2087658.pdf,Labels
20240505 InTouch - Hobbs.pdf,https://storage.googleapis.com/mass-7e4f9.firebasestorage.app/00000001/Labels/20240505%20InTouch%20-%20Hobbs.pdf,Labels
20240505 Intouch Hobbs 88370.pdf,https://storage.googleapis.com/mass-7e4f9.firebasestorage.app/00000001/Labels/20240505%20Intouch%20Hobbs%2088370.pdf,Labels
20240526 In touch -Hobbs 88776.pdf,https://storage.googleapis.com/mass-7e4f9.firebasestorage.app/00000001/Labels/20240526%20In%20touch%20-Hobbs%2088776.pdf,Labels
20240606 Intouch - Hobbs 89227.pdf,https://storage.googleapis.com/mass-7e4f9.firebasestorage.app/00000001/Labels/20240606%20Intouch%20-%20Hobbs%2089227.pdf,Labels
20240606 intouch - Hobbs 89237.pdf,https://storage.googleapis.com/mass-7e4f9.firebasestorage.app/00000001/Labels/20240606%20intouch%20-%20Hobbs%2089237.pdf,Labels
20240606 intouch - Hobbs 89276.pdf,https://storage.googleapis.com/mass-7e4f9.firebasestorage.app/00000001/Labels/20240606%20intouch%20-%20Hobbs%2089276.pdf,Labels
20240616 InTouch - Hobbs 89783.pdf,https://storage.googleapis.com/mass-7e4f9.firebasestorage.app/00000001/Labels/20240616%20InTouch%20-%20Hobbs%2089783.pdf,Labels
20240616 InTouch - Hobbs 89821.pdf,https://storage.googleapis.com/mass-7e4f9.firebasestorage.app/00000001/Labels/20240616%20InTouch%20-%20Hobbs%2089821.pdf,Labels
20240623 InTouch - Hobbs 90065.pdf,https://storage.googleapis.com/mass-7e4f9.firebasestorage.app/00000001/Labels/20240623%20InTouch%20-%20Hobbs%2090065.pdf,Labels
20240624 JS Print Group - Wild State.pdf,https://storage.googleapis.com/mass-7e4f9.firebasestorage.app/00000001/Labels/20240624%20JS%20Print%20Group%20-%20Wild%20State.pdf,Labels
20240701 Northern Plains - Wild State.pdf,https://storage.googleapis.com/mass-7e4f9.firebasestorage.app/00000001/Labels/20240701%20Northern%20Plains%20-%20Wild%20State.pdf,Labels
20240702 - InTouch 92079 - Sap House.pdf,https://storage.googleapis.com/mass-7e4f9.firebasestorage.app/00000001/Labels/20240702%20-%20InTouch%2092079%20-%20Sap%20House.pdf,Labels
20240702 - Intouch 92080 - Sap House.pdf,https://storage.googleapis.com/mass-7e4f9.firebasestorage.app/00000001/Labels/20240702%20-%20Intouch%2092080%20-%20Sap%20House.pdf,Labels
20240703 Northern Plains - Wild State.pdf,https://storage.googleapis.com/mass-7e4f9.firebasestorage.app/00000001/Labels/20240703%20Northern%20Plains%20-%20Wild%20State.pdf,Labels
20240708 JS Print Group - Wild State.pdf,https://storage.googleapis.com/mass-7e4f9.firebasestorage.app/00000001/Labels/20240708%20JS%20Print%20Group%20-%20Wild%20State.pdf,Labels
20240711 - intouch 90857 - Saphouse.pdf,https://storage.googleapis.com/mass-7e4f9.firebasestorage.app/00000001/Labels/20240711%20-%20intouch%2090857%20-%20Saphouse.pdf,Labels
20240711 - intouch 90858 - Saphouse.pdf,https://storage.googleapis.com/mass-7e4f9.firebasestorage.app/00000001/Labels/20240711%20-%20intouch%2090858%20-%20Saphouse.pdf,Labels
20240711 - intouch 90922 - Saphouse.pdf,https://storage.googleapis.com/mass-7e4f9.firebasestorage.app/00000001/Labels/20240711%20-%20intouch%2090922%20-%20Saphouse.pdf,Labels
20240713 - Intouch 92418 - Hobbs.pdf,https://storage.googleapis.com/mass-7e4f9.firebasestorage.app/00000001/Labels/20240713%20-%20Intouch%2092418%20-%20Hobbs.pdf,Labels
20240713 - intouch 92418(1) - Hobbs.pdf,https://storage.googleapis.com/mass-7e4f9.firebasestorage.app/00000001/Labels/20240713%20-%20intouch%2092418(1)%20-%20Hobbs.pdf,Labels
20240715 JS Print Group - Wild State.pdf,https://storage.googleapis.com/mass-7e4f9.firebasestorage.app/00000001/Labels/20240715%20JS%20Print%20Group%20-%20Wild%20State.pdf,Labels
20240719 Mammoth Labels and Packaging - Wild State.pdf,https://storage.googleapis.com/mass-7e4f9.firebasestorage.app/00000001/Labels/20240719%20Mammoth%20Labels%20and%20Packaging%20-%20Wild%20State.pdf,Labels
20240728 - intouch 91925 - Hobbs.pdf,https://storage.googleapis.com/mass-7e4f9.firebasestorage.app/00000001/Labels/20240728%20-%20intouch%2091925%20-%20Hobbs.pdf,Labels
20240726 - InTouch 93124 - Hobbs.pdf,https://storage.googleapis.com/mass-7e4f9.firebasestorage.app/00000001/Labels/20240726%20-%20InTouch%2093124%20-%20Hobbs.pdf,Labels
20240813 - inTouch 94123 - Hobbs.pdf,https://storage.googleapis.com/mass-7e4f9.firebasestorage.app/00000001/Labels/20240813%20-%20inTouch%2094123%20-%20Hobbs.pdf,Labels
20240821 - InTouch - Invoice1-12 - Hobbs.pdf,https://storage.googleapis.com/mass-7e4f9.firebasestorage.app/00000001/Labels/20240821%20-%20InTouch%20-%20Invoice1-12%20-%20Hobbs.pdf,Labels
20240801 Northern Plains - Wild State.pdf,https://storage.googleapis.com/mass-7e4f9.firebasestorage.app/00000001/Labels/20240801%20Northern%20Plains%20-%20Wild%20State.pdf,Labels
20230922 - Secret Hopper - Workhorse.pdf,https://storage.googleapis.com/mass-7e4f9.firebasestorage.app/00000001/Secret%20Shopping/20230922%20-%20Secret%20Hopper%20-%20Workhorse.pdf,Secret Shopping
20241123 - Secret Hopper - Workhorse.pdf,https://storage.googleapis.com/mass-7e4f9.firebasestorage.app/00000001/Secret%20Shopping/20241123%20-%20Secret%20Hopper%20-%20Workhorse.pdf,Secret Shopping
20231016 EZ-Up - Enterprise.pdf,https://storage.googleapis.com/mass-7e4f9.firebasestorage.app/00000001/Table%20Clothes/20231016%20EZ-Up%20-%20Enterprise.pdf,Table Clothes
20220623 - Green Mountain - Hobbs.pdf,https://storage.googleapis.com/mass-7e4f9.firebasestorage.app/00000001/Tap%20Handles/20220623%20-%20Green%20Mountain%20-%20Hobbs.pdf,Tap Handles
20220805 - Green Mountain - Hobbs.pdf,https://storage.googleapis.com/mass-7e4f9.firebasestorage.app/00000001/Tap%20Handles/20220805%20-%20Green%20Mountain%20-%20Hobbs.pdf,Tap Handles
20230522 - Green Mountain - Hobbs.pdf,https://storage.googleapis.com/mass-7e4f9.firebasestorage.app/00000001/Tap%20Handles/20230522%20-%20Green%20Mountain%20-%20Hobbs.pdf,Tap Handles
20230717 - Steel City - Modist.pdf,https://storage.googleapis.com/mass-7e4f9.firebasestorage.app/00000001/Tap%20Handles/20230717%20-%20Steel%20City%20-%20Modist.pdf,Tap Handles
20230801 - Green Mountian - Hobbs.pdf,https://storage.googleapis.com/mass-7e4f9.firebasestorage.app/00000001/Tap%20Handles/20230801%20-%20Green%20Mountian%20-%20Hobbs.pdf,Tap Handles
20230901 Hoptown_Handles - East Brothers - Tap Handles.pdf,https://storage.googleapis.com/mass-7e4f9.firebasestorage.app/00000001/Tap%20Handles/20230901%20Hoptown_Handles%20-%20East%20Brothers%20-%20Tap%20Handles.pdf,Tap Handles
20231102 Hoptown_Handles - East Brother - Tap Handles.pdf,https://storage.googleapis.com/mass-7e4f9.firebasestorage.app/00000001/Tap%20Handles/20231102%20Hoptown_Handles%20-%20East%20Brother%20-%20Tap%20Handles.pdf,Tap Handles
20240522 Hoptown - East Brother Invoice 3988.pdf,https://storage.googleapis.com/mass-7e4f9.firebasestorage.app/00000001/Tap%20Handles/20240522%20Hoptown%20-%20East%20Brother%20Invoice%203988.pdf,Tap Handles
20240517 Green_Mountain_Tap_Handles_LLC - Hobbs.pdf,https://storage.googleapis.com/mass-7e4f9.firebasestorage.app/00000001/Tap%20Handles/20240517%20Green_Mountain_Tap_Handles_LLC%20-%20Hobbs.pdf,Tap Handles
20230513 - Jasper Yeast - Workhorse.pdf,https://storage.googleapis.com/mass-7e4f9.firebasestorage.app/00000001/Yeast/20230513%20-%20Jasper%20Yeast%20-%20Workhorse.pdf,Yeast
20230523 - Jasper Yeast-Workhorse.pdf,https://storage.googleapis.com/mass-7e4f9.firebasestorage.app/00000001/Yeast/20230523%20-%20Jasper%20Yeast-Workhorse.pdf,Yeast
20230607 White Labs - East Brother Yeast.pdf,https://storage.googleapis.com/mass-7e4f9.firebasestorage.app/00000001/Yeast/20230607%20White%20Labs%20-%20East%20Brother%20Yeast.pdf,Yeast
20230616 - Jasper Yeast - Workhorse.pdf,https://storage.googleapis.com/mass-7e4f9.firebasestorage.app/00000001/Yeast/20230616%20-%20Jasper%20Yeast%20-%20Workhorse.pdf,Yeast
20230723 - Omega Yeast - Barrel and Beam.pdf,https://storage.googleapis.com/mass-7e4f9.firebasestorage.app/00000001/Yeast/20230723%20-%20Omega%20Yeast%20-%20Barrel%20and%20Beam.pdf,Yeast
20231019 - Berkeley Yeast - Workhorse.pdf,https://storage.googleapis.com/mass-7e4f9.firebasestorage.app/00000001/Yeast/20231019%20-%20Berkeley%20Yeast%20-%20Workhorse.pdf,Yeast
20240206 Scott Labarotories - Hobbs Brewing.pdf,https://storage.googleapis.com/mass-7e4f9.firebasestorage.app/00000001/Yeast/20240206%20Scott%20Labarotories%20-%20Hobbs%20Brewing.pdf,Yeast
20240524 - BSI - Helltown Invoice-yeast.pdf,https://storage.googleapis.com/mass-7e4f9.firebasestorage.app/00000001/Yeast/20240524%20-%20BSI%20-%20Helltown%20Invoice-yeast.pdf,Yeast
20240524 Scott Laboratories - Ore Dock Sales Invoice SIV450110.pdf,https://storage.googleapis.com/mass-7e4f9.firebasestorage.app/00000001/Yeast/20240524%20Scott%20Laboratories%20-%20Ore%20Dock%20Sales%20Invoice%20SIV450110.pdf,Yeast
20240216 North Country Disposal - Ore Dock Invoice 172311.pdf,https://storage.googleapis.com/mass-7e4f9.firebasestorage.app/00000001/Waste%20and%20Recycling/20240216%20North%20Country%20Disposal%20-%20Ore%20Dock%20Invoice%20172311.pdf,Waste and Recycling
20240501 North Country Disposal Invoice 175573.pdf,https://storage.googleapis.com/mass-7e4f9.firebasestorage.app/00000001/Waste%20and%20Recycling/20240501%20North%20Country%20Disposal%20Invoice%20175573.pdf,Waste and Recycling
20240401 North Country Disoposal - Ore Dock Invoice 174516.pdf,https://storage.googleapis.com/mass-7e4f9.firebasestorage.app/00000001/Waste%20and%20Recycling/20240401%20North%20Country%20Disoposal%20-%20Ore%20Dock%20Invoice%20174516.pdf,Waste and Recycling
20240316 North Country Disposal - Ore Docks Invoice 173226.pdf,https://storage.googleapis.com/mass-7e4f9.firebasestorage.app/00000001/Waste%20and%20Recycling/20240316%20North%20Country%20Disposal%20-%20Ore%20Docks%20Invoice%20173226.pdf,Waste and Recycling
20230825 - WasteFocus - Atlas.pdf,https://storage.googleapis.com/mass-7e4f9.firebasestorage.app/00000001/Waste%20and%20Recycling/20230825%20-%20WasteFocus%20-%20Atlas.pdf,Waste and Recycling
Saucony Creek Brewing Company LLC Affiliate Agreement 8-19-24.pdf,https://storage.googleapis.com/mass-7e4f9.firebasestorage.app/00000001/1-%20Pre-Onboarding%20Sheets/Saucony%20Creek%20Brewing%20Company%20LLC/Saucony%20Creek%20Brewing%20Company%20LLC%20Affiliate%20Agreement%208-19-24.pdf,Saucony Creek Brewing Company LLC
20240213 Lindenmeyr - Modist.pdf,https://storage.googleapis.com/mass-7e4f9.firebasestorage.app/00000001/Warehouse/Shipping%20Supplies/20240213%20Lindenmeyr%20-%20Modist.pdf,Shipping Supplies
20240209 Lindenmeyr - Modist.pdf,https://storage.googleapis.com/mass-7e4f9.firebasestorage.app/00000001/Warehouse/Shipping%20Supplies/20240209%20Lindenmeyr%20-%20Modist.pdf,Shipping Supplies
507905985309210394OIS199PF_71_0.pdf,https://storage.googleapis.com/mass-7e4f9.firebasestorage.app/00000001/Warehouse/Shipping%20Supplies/507905985309210394OIS199PF_71_0.pdf,Shipping Supplies
997579985568428014OIS199PF_56_0.pdf,https://storage.googleapis.com/mass-7e4f9.firebasestorage.app/00000001/Warehouse/Shipping%20Supplies/997579985568428014OIS199PF_56_0.pdf,Shipping Supplies
